input	output
han de hoto hiya be takvrame,	遣霍托侍卫奏汗曰：
dosire de turga ojorakv morin ujen jaka be emu bade weri,	行前将羸瘦不堪用之马匹及重物留于一处。
ere niyengniyeri dendehe idu -i bade kemuni susaita karun tuqibufi hahilame unggi.	今春所分驻牧之地，仍各遣哨探五十人速往。”
isu -i puse noho etuku emte,	素青团龙缎衣一。
puse noho genggiyen orin ninggun, fulgiyan jafu susai, boso sunja tanggv gvsin, keibisu juwe tanggv nadan,	补子素缎二十六、红毡五十、布五百三十、毛毯二百七。
jifi dahaha hoton tehei bisire irgen -i ai jaka be umai neqihekv,	至降城居民，凡其诸物，秋毫无犯，
be genefi tuwaki,	我等前往觇视之。
dain de sain seme wesibuhe.	因骁勇善战，是以擢升。
ubaqi okdoro niyalma san tun ing ni hanqiki ebergi hafirahvn bade okdombi.	将迎于三屯营附近狭窄处。”
juwe beile hebdefi emu yebken hafan unggiqi ombiu.	二贝勒可否酌遣干练官员来替。”
juwan de huhus bira de deduhe,	初十日，驻跸虎湖斯河。
dulimbai gurun -i kouli xajin tuttu, han ume ferguwere.	中国之例法如此，请汗勿以为奇。”
be daitung, yang ho, siuwan fu teisu doroi jalin de gisureme genembi,	我将往大同、阳和、宣府议和，
giyan qang ni ma canjiyang minde aqanjifi amasi genere sidende, xanaha -i qouha holtome macanjiyang jihe seme dosinafi, orin isime xusai sabe wahabi,	建昌马参将来见并返回期间，山海关兵诈称马参将来，入得城内，杀书生约二十名，
gulu fulgiyan de lungsi, gulu lamun nikan -i gvsade aibari,	于是，遣龙什至正红旗，爱巴里至正蓝汉军旗，
birai ergide unggihe hvsun komso ojorahv,	“调往黄河一带之兵少，
sure han -i duiqi aniya duin biyai iqe juwe.	天聪四年四月初二日。
niyalmai oron ilibume gaifi wabuha niyalma de bumbi,	并罚取安葬银给与被杀之人；
gvsa be kadalara geren taijisa, yaya bure gaijara weilengge be gaifi, aniya biyai iqe ninggun de duin jusei bade isa,	管旗诸台吉等，携所有交换之罪人，当于正月初六日集于四子部落处。
qin wang, giyvn wang, doroi beile, qimari dari yamulara de, tu kiru be ume faidara, sara, maitu, u jang, mukxan -i teile faidafi yamulame jiu,	亲王、郡王、多罗贝勒，每日早朝，勿列旗纛，只列伞、金瓜、吾杖、棍以行，
terei sirame kubuhe fulgiyan -i zung bing guwan yeqen ini gvsai ambasa be gaifi hengkilehe,	次镶红旗总兵官叶臣率本旗诸臣叩拜，
mini dolo gvnihangge, jing dailame ishunde wanuqi, abkai banjibuha irgen inu sui mangga,	以我思之，师旅频仍，互相诛戮，而天生之民因此罹祸。
dain geneqi, uksin etufi jurambi,	战则我披甲胄而行，
qahar de qouha genehede, hada de xanqilaha be gidafi ulha, gaiha,	往征察哈尔时，击破营于山巅之兵，夺其牲畜。
orin monggo be dahabufi gajiha,	招降蒙古二十解至。
mau wen lung geli niyakvraha bithe,	毛文龙再拜致书。
derekei nadan morin,	德呼克依进马七，
geli han, beise weile hebexeme tebufi bisire be inu sarkv ofi,	抑为汗与诸贝勒挽留议事。
gajiha morin ihan be gaiha,	汗纳其所献马牛。
tenteke hafan han -i jalin de gvnirakv, gurun irgen -i jalin de joborakv, damu ini beyei teile be gvnime yabure jalingga ehe mujilengge niyalma kai.	是为臣而不为君谋、不为民忧，专图一己之私、心存奸慝之人也。”
gemu gaiha,	悉纳之；
mejige isinjime jakade alimbaharakv deu -i jalin gasame, hafan be takvrafi waliyame, mini majige mujilen be tuqibumbi,	闻讣不胜为弟哀。遣员致祭，聊布微忱。
tereqi enduringge han, qouha genehe wang sa, beile se, beise se, ambasa be gaifi, tangse de genefi monggo buren yehere buren burdeme, laba bileri fulgiyeme ilan jergi niyakvrafi uyun jergi hengkilefi, hanqiki be hairandara duka be dosifi honin erinde genggiyen elhe boude wesike.	饮毕，圣汗率出征诸王、贝勒、贝子及大臣等诣堂子，吹螺掌号及喇叭、唢呐，行三跪九叩礼。礼毕，入抚近门。未刻，还清宁宫。
abkai juse, xangsi enduri,	上天之子，尚锡之神，
wargi ashan -i tafukv be wasifi, ineku tob dulimba de amasi forome ilimbi,	从西阶下，仍在正中北向立。
jergi qi lakqaha ujui gung uqaraha de, morin tatafi jugvn -i dalbade dayame ilifi morin -i ninggude enggelefi dulembumbi,	超品一等公遇时，须勒马立于路旁，于马上起身，迎之通过；
juwan ninggun de, han -i sargan gaijara doroi beise -i benjihengge,	十六日，以汗纳福晋礼，诸贝勒进礼。
han, ilan amba beile, xoto taiji, geren zung bing guwan, gvsai ejete, geren qouha be gaifi genembi,	汗与三大贝勒、台吉硕托及总兵官、固山额真等统大军。
mini harangga dergi warka -i goloi niyalma sinde dosikangge be tuqibufi gaji seqi si burakv,	我所属东瓦尔喀路人，有进入尔国者，曾令归还，尔竟不与。
suna efu gvsa suna, ba jeu hoton -i wang zung bing guwan -i qouha be gidaha,	苏纳额驸旗下苏纳败霸州城王总兵官兵，
julge dai liyou abkai jui, aisin taizu, dai liyou -i harangga gurun kai,	昔大辽为天子，金太祖系大辽之属国也。
meni haqin haqin be dabume gisurerengge, gemu sume hvwaliyambume jirgaqun ojoro jalin de, meni fuqihi xajin be bithe arafi unggihe.	我之种种譬喻，皆为化解求安也。故将我佛家法门，修书遣往。”
gala -i duin simhun lasha saqibuha,	四指被斩断。
nikan amban jang cun xin jabume,	汉承政张存仁对曰：
ere amba dain be daqi meni buyeme deribuhengge waka,	“兴此大兵，本非我所愿，
jang douli -i qouha be gidaha de, bi mini jalan be gaifi joriha jurgan be jurqehekv dosika,	击败张道台兵时，彼率本甲喇不违所授方略进击。
orin uyun de, sure han -i bithe, qahar -i jinong hvwang taiji, naiman -i hvng baturu, auhan -i dureng, seqen joriktu, ere duin beile de unggihe,	二十九日，天聪汗致书察哈尔部济浓黄台吉，奈曼部洪巴图鲁，敖汉部杜棱、色臣卓里克图四贝勒曰：
solho meni juwe gurun de daqi umai weile akv bihe,	朝鲜与我两国，素无怨衅。
suweni wara mujangga,	“尔等杀之者是也。
juxen jing geneme jime yabume, inenggidari weile ebxeme emu udu inenggi tebufi, burtei eture etuku arame wajifi,	“诸申往来频繁，终日忙于事，留住几日，所用衣服悉缝制毕。
sirdan wehe de yasa biu,	“矢石岂有眼耶，
julgei u ki gebungge amban, ini qouhai niyalmai you be simire de, terei eme songgome,	昔吴起吮其卒之痈时，卒之母哭曰：
gvwa be gemu bederebuhe.	余悉却之。
gvsin de, bodoi sanjin de emu uksin saqa buhe.	三十日，赐博德依三晋甲胄一。
bi ulin be nemxeme niyalmai ulin be gaifi, beyebe aisi obure bou be madabure oqi, ulin gaime xajin be jurqehe kai,	设臣贪财纳贿，私家利己，贪赃枉法。
gurun -i efu bandi be doroi giyvn wang,	固伦额驸班迪为多罗郡王、
weile wajiqi, be inu hvdun qouha bederembi kai,	事毕我军亦将速退也。
tere weile iletu yargiyan,	事已属实，
juwan emu de, buridu gebungge bade deduhe,	十一日，驻跸布里渡地方。
dalingho -i xun tuhere ergi tai musei juxen karun tehe bihe,	大凌河西台原由我诸申哨卒驻守，
si teni mutuhau, simbe hebei gisun de atanggi dosimbuha bihe,	尔岂至今始成人耶，尔何曾得与会议之列。
suwende bi emu ajige weile be alara sefi, babuhai be hvlafi juleri niyakvrabufi, hendume,	我有一小事告尔众。”遂召巴布海跪于前。复谕曰：
fiyanggv gvsai morin losa jakvn tanggv dehi, ihan eihen duin minggan duin tanggv ninju, niyalma sunja minggan ninggun tanggv, honin juwe minggan, uheri emu tumen juwe minggan uyun tanggv ninggun.	费扬古旗，马骡八百四十、牛驴四千四百六十、人五千六百、羊二千，共计一万二千九百零六。
han, heqen be baha manggi wahakv ujifi, si dorgi ba -i niyalma sere,	汗克城后，待以不死而生养之。闻尔系内地人，
dara ba akv, tere jugvn -i irgen bayan, ai jaka elgiyen,	此路，敌无援兵，民富物丰，
xi guwe ju -i iui deng jeu tuwa baiqame yabuha,	石国柱之于登州曾查管防火、
hvlara hafan faida seme hvlaha manggi, geren gemu faidaha,	赞礼官赞排班，众皆排班，
meiren -i janggin lii xi jung, manju -i duin amban, monggo -i emu amban hoton tuwakiyame te,	着梅勒章京李世忠、满洲大臣四员、蒙古大臣一员守城，
ineku neneme unggihe bithei fadu -i angga be fempilehekv unggihe,	即将其前书未加封赍往。
tere ai sui,	彼有何辜，
tofohoqi de, aru -i kalka -i dahambi seme bithe benjihe elqin hengkilehe,	第十五，阿鲁喀尔喀部进降表使者叩贺；
hafan sindara niyalma be te unggimbi,	所请官员，兹将遣往。
aisin gurun -i han -i bithe, liu fu -i ahvn deu de unggihe,	“金国汗致书刘府兄弟：
ujala golo be juwete gvsai kamqifi duin jurgan -i dosika,	“每二旗兵合为一路，分四路进兀扎拉路。
elqin yaburengge emgeri lakqaha be dahame, meni niyalma be unggihekv,	唯因使臣往来既断，未遣我人往，
garin si dade bai niyalma bihe,	刚林，尔原系白身，
liyoudung be baha manggi, bi tukiyefi iugi -i hergen buhe,	克辽东后，擢举尔为游击。
ilan nikan de fonjiqi,	讯彼汉人，
siuwei dai hv -i boui yang jeu giu, zung xang giui, jang guwan xeu, jau tiyan lu, ere duin niyalma gerqileme fafun de alafi, duileqi latuha yargiyan ofi,	为薛大湖家人杨周久、宗商举、张冠寿、赵天禄四人首告于法司。经勘审，犯奸属实，
mini gisun be jai we donjimbi,	谁将听我之言。
eigen sargan be ume faksalara,	勿离散人夫妇，
ere ubabe abka niyalma inu gemu getuken sambidere,	此亦天人所明鉴者也。
iletu arga serengge, muse jugvn -i unduri dariha heqen hoton -i irgen de alame hendurengge,	所谓明显之计，当宣谕沿途城池人民，
bayara nirui janggin,	巴雅喇系牛录章京，
orhoda butame jihe nikan be, suweni dekdeni songko faitara bade giyang ni dalin de isitala songko faitame gene,	尾随前来采参之明人，自尔等昔日哨探之处直往江岸蹑踪，
morin be juwe ubu sindafi, emu ubu be sitangga, ubahai de buhe.	以所获马之二分之一赐西唐阿、乌巴海。
jakvn gvsai baha hahai ton, emu minggan emu tanggv ninju, deji hehe emu tanggv dehi, uheri anggalai ton, juwe minggan jakvn tanggv,	“八旗俘获男丁一千一百六十名、上等妇女一百四十口，共计人口二千八百；
beise -i ilhi enqu gurun qi baime jihe qahar kalka -i beise hengkilehe,	诸贝勒之后，外部归附察哈尔、喀尔喀诸贝勒叩拜，
sain sehe seme ahvn deu akv aha akv emteli yadahvn be ume werire,	人虽精壮，若系无兄弟奴仆之孤独贫穷者，不得留之。
ilan tanggv qouha be gaifi gidafi niyalma tanggv funqeme waha,	率兵三百，击败之，杀百余人，
juwan juwe de, karaqin -i subudi dureng ni sargan be eigen akv anggasi seme, han -i gosime unggihengge	十二日，汗恤念喀喇沁部苏布迪杜棱之妻丧夫守寡，转赐
nikan -i karun jiqi alanjirakv kai,	见明哨卒来，亦不来报。
hele beiguwan be, sini jalan -i qouha be bargiyafi gajihakv, si burulame jihe seme hergen efulehe,	“赫勒备御，未收集本甲喇兵携至，孑然逃回。”革职，
dambagu juwan kiyan, jakvn quse,	烟十刀、绸八、
jai doron fungnere tenteke gisun, gemu emu gisun de wajirengge waka.	至封印之语，皆非一言可尽者也。”
xanggitu nirui hontoho janggin,	尚济图系半个牛录章京，
tede nenehe han -i tun de unggihe bithei gisun de,	时先汗致书于岛云：
banjire morin bi,	亦有活者，
qang ping jeu qi tuqike inenggi, beging ni he -i qouha be uqarafi, ubai, omoktu, hvmise, bayan meni duin gvsai gabsihiyan gidaha,	出昌平州之日，遇北京黑部兵，乌拜、鄂莫克图、胡米色、巴彦四旗先锋兵败之，
ajige sanggarjai de emu xanggiyan ergume buhe.	赐小桑阿尔斋白蟒缎朝服一。
luwan jeu -i niyalma be hvdun boxome usin taribu,	“督催滦州之人从速耕种。
jingse -i kemun, ten be dabume ilan jalan, jingse -i ninggude gemu bouxi sindambi,	顶式，连托共三节，均嵌宝石。
zu zung bing guwan aika gisun takvraha de, suwe karu ume jabure,	若祖总兵官遣人捎信来，尔等切勿答复，
durbejengge xui jing ilan, muheliyen xui jing emken, aisin -i xan feteku emken, menggun faksi juwe juru buhe,	方水晶三，圆水晶一，金耳挖一，银匠二对。
morin be gaihakv bederebuhe.	却之。
amala sunja inenggi ulebure jeku buhe,	后拨给五日饲料，
bithei niyalma -i gisun de dosifi, aikabade juwe gurun ehe dain be deribufi, gurun de jobolon isifi burginume samsire temxenume burulara ohode,	听书生之言，毁兄弟之好，设两国构兵，祸及国家，仓皇流离，争相遁逃，
kiru sara laba bileri tungken fiqakv, neneme bilaha songkoi qouha de gaifi yabu,	旗、伞、喇叭、啖呐、鼓、箫等，出征时仍照旧制携带。
meni onggolo tung yuwan pu de tehe asan se donjifi, bata -i songko be bahafi fargame genehebi,	驻通远堡阿山等先于我等闻讯，即蹑迹追击。
gumu emu morin,	古穆进马一，古
jifi aqara de, niyakvrafi hengkilefi, han -i buhi be tebeliyeme aqaha,	叩拜毕，抱汗膝见，
ere be ume kenehunjere seme wesimbure jakade,	于此勿有疑虑。”
damu tusiyetu han -i emu morin, ukxan nakqu -i emu morin, sun dureng ni emu morin, hatan baturu -i emu morin, konggor mafa -i emu morin, ajige sanggarjai -i emu morin,	止纳土谢图汗马一、乌克善舅舅马一、孙杜棱马一、哈坦巴图鲁马一、孔果尔老人马一、小桑阿尔斋马一，
koko be amasi bederebume beneme, han, beise -i baru gisureme, amba weile be toktome wajiha sehe bihe,	曾想送还阔科，即与汗及诸贝勒议定大事。
geli bederebuhekv,	亦未见送还。
ere gisun gemu jihe elqin -i xan de donjiha,	是言来使皆有耳闻，
tongki fuka sindaha hergen in dangse.	加圈点老档。
abkai gamarangge gojime, minde daljakv,	天为之耳，与我何干。
ambasai gaisu sere erinde aqime gaisu,	若诸大臣有令，方可驮载，
yang iugi -i emu qiyanzung,	杨游击下千总一员，
uluka de weile gaiha turgun,	罚乌鲁喀缘由：
aqame wajiha manggi, amba sarin dagilafi haqin haqin -i efin efime sarilaha,	见毕，设大宴，陈百戏，
be emgeri han -i irgen oho,	我等既为汗民，
orin emu de, yung ping de tehe beise medege alanjime, juwan ninggun niyalma be ulai gaifi isinjiha,	二十一日，镇守永平诸贝勒命乌赖率人十六前来报信，
tere niyalma de gisun fonjifi waha,	讯毕杀之。
juwe niyalma be uksin etuhei jafafi benjihe,	生擒甲兵二人解至。
emhun beging ni heqen adarame bimbi.	其北京城能独存乎。”
abka meni tondo, suweni neneme eherehe be safi, membe abkai gosirengge ere kai,	天鉴我直，知尔先行寻衅，故天眷我者，乃此也。
otori tuqike baqi helen jafame unggihe de, duin niyalma be jafafi ilan be sindafi unggihe,	由春蒐处遣往捉生，俘获四人，释三人还，
orin uyun de, ajige horgo qi amasi qahar -i baru bedereme jifi, huisung jaidang de deduhe,	二十九日，自小和尔郭还返往察哈尔，至辉松斋档地方驻跸。
nikan -i qouha be ulan de fihebufi tanggv funqeme waha,	明兵坠壕死者百余名，
julergi mederi jakarame aba genere de, udahai nirui jongtoi boui solho haha jung bou ki be kutule gamafi, qasi solho de ukame genehe be, solho -i han baiqame bahafi benjihe,	沿南海行猎时，乌达海牛录下钟托依以家内朝鲜男丁钟保琪为跟役携往，后钟保琪逃往朝鲜，为朝鲜王查获送还。
abka na be hvlame buqehe kai,	呼天喊地而死也。
joude beiguwan be, jang douli de biyaluha,	兆德备御战张道台兵时退缩，
iqe jakvn de, bulungtu bulak de deduhe.	初八日，驻跸布龙图布拉克。
han hendume, ere aba de beise ambasai juse, nirui ejete -i juse abalakini, gabtame niyamniyame taqikini seme henduhe.	汗谕曰：“此次行猎，命诸贝勒大臣之子及牛录额真之子一同出猎，以习骑射。”
ere gese bade tusa okini seme zung bing guwan -i hergen buhe kai,	冀于基业有所裨益，故授以总兵官职也。
tese de unggihe bithei gisun,	致书云：
ini elqin jihekv juwe bithe unggihe,	其明未遣使来而致书两封。
ese karaqin -i dorji taiji -i juwe haha juwe hehe juwe jui ukame genere be bahafi gajiha.	喀喇沁部多尔济台吉属下男丁二人、妇幼各二人外逃，彼等擒获来献。
tere dobori hoton be xurdeme kafi deduhe.	是夜，围城而宿。
hvda bodoqi, emu suje -i hvda de juwan moqin bahambi,	计其价值，一缎之价，可得毛青布十。
emu ihan wafi sarilaha,	遂杀一牛，宴之。
monggo -i jihe beile aldangga emu jergi niyakvrafi hengkilehe,	蒙古来归贝勒遥拜一次，
sarkv kai,	人所不知也，
yadara niyalma be tantambi.	穷者鞭责之。”
jugvn de jefu seme orin yan mengguri bufi, sini qihangga bade gene seme sindafi unggihe,	并给盘缠银二十两，任其所往。
meni bade biqi, tebeliyeme aqambi dere,	“倘在我处则犹可抱见，
tesei bahangge niyalma susai, morin ilan, losa juwe, ihan dehi juwe, eihen orin uyun, uheri emu tanggv orin ninggun baha.	彼等俘获人五十、马三、骡二、牛四十二、驴二十九，共计一百二十六。
ineku tere inenggi, han, beise tabqilame genembi sehengge nakafi,	是日，先是汗与诸贝勒欲率兵出略，至是停止，
duiqi deu xandung de genefi, tuttu olhome axxahakv bitele,	弟往山东，故而至今慎未敢动。
dalai qvhur de emu xuxu sijigiyan, enggemu hadala kvdarhan tohoma youni, aisin monggolikv emke, aisin anqun emu juru, juwe suje, sunja moqin, sunja xanggiyan boso,	赐达赖楚虎尔紫袍一、全套鞍辔鞘韂、金项圈一、金耳坠一对、缎二、毛青布五、白布五、
joriha jurgan be jurqerakv, afabuha weile be mutembi, tondo sain seme ilaqi jergi jalan -i janggin be jai jergi jalan -i janggin obuha,	以不负委任，恪尽厥职，忠直可嘉，升三等甲喇章京为二等甲喇章京，
damu han, beise -i tuwaha jurgan hafukakv ofi, tuttu bi genere be lashalarakv,	唯因汗与诸贝勒弗能通情达理，是以我归心未定。
morin emu tanggv juwan baha,	获马一百一十。
fung xun -i zung bing guwan ini juwe xeubei, ba -i emu niyalma, uheri ilan niyalma be bithe jafabufi takvraha bihe,	丰润总兵官曾遣其守备二员、土人一名共三人持书至。
foloho loho juwe, foloho jebele juwe, foloho umiyesun juwe, lekerhi juwe, aisin juwe yan, menggun -i hvntahan emke, hvba erihe emke, xempi emke,	雕花腰刀二、雕花撒袋二、雕花腰带二、海獭皮二、金二两、银杯一、琥珀素珠一、绿斜皮一，
ombu dehi, hon orin, sirantu dehi, genggel nadanju, xamba emu tanggv, ajinai emu tanggv gvsin.	鄂木布兵四十、霍恩兵二十、西兰图兵四十、庚格勒兵七十、沙木巴兵一百、阿济鼐兵一百三十。
qagan lama, erdeni nangsu, aisunggv dadai, bangsun emu boui tofohoto niyalma, susaita seke, tanggvta gin orhoda be gamame, daiming gurun -i jasei xurgei duka de hvdaxame genehe.	察汉喇嘛、额尔德尼囊苏、艾松古达岱、邦孙率每家十五人，各携貂皮五十张、人参百斤，往大明国边门杀虎口贸易。
buhe manggi, bi dain nakafi taifin banjiki seme doro aqara bithe arafi, ududu mudan unggiqi,	我犹愿息兵，共享太平，屡遣人致书议和。
tereqi manju -i qouha julesi ibeme jidere hafan be okdome genere de, solho -i elqin emdubei jidere be aqame genehei, qouha ping xan de isinafi ing iliha,	于是，大军前进，往迎所来官员。在途屡遇朝鲜使者，行至平山驻营。
ma zung bing guwan, he zung bing guwan, ma fujiyang, wang fujiyang, ere duin nofi de	麻总兵官、贺总兵官、马副将、王副将等四人，
tere xangnara de, gvnin ijishvn wang ni liu qang su be hvlaqi jabuhakv seme, bithei niyalma enduringge han de gisun wesimbuhe manggi,	颁赏时，呼恭顺王下之刘昌苏，该员不应，文人奏闻圣汗。
tere afaha de, tob seme henduqi, nikan -i qouha duin tumen, juxen -i qouha emu tumen sunja minggan bihe,	是役，确切言之，明兵四万，诸申兵一万五千，
suweni juwe ejen -i ishunde qihangga be tuwame anda sadun seme gaime bume yabu,	若尔等两者之间自愿联姻缔好，相互馈赠可也，
tere be nakabuqi, gvwa geli alhvdambi,	倘革其职，必致他人效尤，
morin juwe ba saqibuha seme xangnaha.	马被砍伤两处。故此赏之。
tofohon inenggi on -i bade orin inenggi otolo isinara jergi yaya weile be,	十五日之路程，二十日始到等诸罪，
harangga albatu niyalma waqi, ilan tanggv anju gaimbi,	若所属下人杀之，则罚肉肴三百。
emu bigan ulgiyan -i yali, emu giu, orin nimaha, emu suje, juwan moqin xangname bufi, jaqin jui qendei be, nikan bithe be kiqeme taqi seme henduhe.	并赐一野猪肉、狍一、鱼二十、缎一、毛青布十，仍谕其次子陈德依勤习汉书。
dade gashvre de, meni meni ba na be tuwambi seme gisurefi,	当初约誓云各守疆土等语。
hoxoi fujisa, doroi fujisa, doroi beile -i sargan fujisa, gvsai fujisa, gurun -i gungju se, hoxoi gungju se, hoxoi gege se, doroi gege se, doroi beile -i jui gege se, gvsai gege sede jergi bodome faidan -i jaka be toktobuha,	诸和硕福晋、多罗福晋、多罗贝勒福晋、固山福晋、固伦公主、和硕公主、和硕格格、多罗格格、多罗贝勒格格、固山格格等，按级定仪仗。
gege jou,	“格格罢也，
gulu suwayan -i oboi, kubuhe suwayan -i haningga, gulu fulgiyan -i liuha, kubuhe fulgiyan -i ilemu, gulu lamun -i ulai,	正黄旗鄂贝、镶黄旗哈宁阿、正红旗刘哈、镶红旗伊勒穆、正蓝旗乌赖、
jai dosire de juleri dosika,	再次进攻时，
nikan -i ere gese holtorongge ambula,	汉人此等谎言多哉，
juwe gurun ehe oho qi ebsi, geneme gorolame yabuhakv,	自两国交恶以来，已久未往来。
dahv arara, onqo hayahan hayara, monqon hadame mahala arafi etuqi, jafaha niyalma gaimbi,	有染貂皮缝制端罩、缘阔蟒缎披领及帽装菊花顶服用者，则命拿获之人取之。
godos, jalait nadan taijisa darhan taiji -i juse de sain niyalma tuqibufi elqin takvrafi,	选精明者出使郭尔罗斯、扎贲特七台吉及达尔汉台吉之子处，
ninju emuqi debtelin sure han -i forgon -i baita ninggun haqin, aniya biya be ejehekvbi	第六十一册天聪朝记事六件年月未记
musei jase be badarambure gurun be teyebume ergembure, saisa be baitalara irgen be ujire, goroki be elbire hanqiki be gosire,	正可拓我疆土，裕我国赋，举贤养民，招远抚近也。
dalingho be kaha de, hoton -i julergi tai be qouha tuqifi afanjiha be, yafahalafi hoton -i hanqiki ulan de niketele gidaha,	围大凌河时，敌兵出城，来攻城南台，彼徒步追击至城壕。
qouha genehe abatai beise, yoto beise, qouha genere jugvn de,	出征贝勒阿巴泰、岳托行至中途，
boude genere qouha juwan juwe de jurambi.	还沈阳之军，将于十二日启行。
lu geu kiyou -i qouha be juwe xanggiyan, gulu lamun -i emgi gidaha,	复与二白旗及正蓝旗败卢沟桥兵。
dain geli saiyvn,	构兵岂有益乎，
tereqi bata -i ing be efuleme amba dulin be meilefi wame gamaha,	遂由此破敌，追杀大半。
sain serengge mujangga nikai,	观此，洵属贤能。
tere anggala, mini erdemu udu foholon arga komso seme, mujilen de tob seme tondo akdun be tebufi, funiyehe -i gese kvbulime eiterere mujilen be deribufi, abkai doro be murtashvn gamarangge akv,	我虽才庸术寡，然居心纯正，毫无诳诈之心、违背天理之行。
baturu gufu bi juleri gaifi afame gaiha,	巴图鲁姑夫率先进击，
iqe nadan de, han -i emhe amba mama, ajige mama, manjusiri nakqu, jasaktu dureng de, han juwe dukai siden de tuqifi,	初七日，延请岳母大祖母及小祖母、满珠习礼舅舅、扎萨克图杜棱。汗御两门之间，
baintu, yeqen, unqehen de tutafi, hing xan, sung xan -i emu minggan kurelehe yafahan qouha be gidaha,	拜音图、叶臣殿后，败敌杏山、松山所围步兵一千人。
amba asihan yaya niyalma suwe qouha genere be, duleke aniyai adali goidambi serakv,	“尔等勿谓出兵之期仍如去年迟误，
ereqi amasi saikan faxxarakv oqi, gvwa niyalma be sindambi sehe,	嗣后尔等若不竭力勉为，则用他人也。”
tuttu oqi, jihe inu,	果真如此，来则来也。
tere inenggi, tung jeu bira be doufi, heqen -i amala deduhe,	是日，渡通州河，驻营城北，
te ere takvraha amban amasi jidere fonde unggihe ohode, wesihun gurun -i sain gvnin be tesume sambi kai,	今若令彼随去使归国，则足知贵国之美意也。
be lama minde juwe jergi aqaha, dahvme gvni.	白喇嘛曾见我两次。请再思之。”
ilan xeubei de suje duite, sujei etuku duite, moqin samsu jakvta, jafu emte,	守备三员，各赏缎四、缎衣四、毛青布八、毡一；
han jugvn de ebufi qai omibufi wajiha manggi, lama -i jafaha emu morin be, han hendume, lama sai morin be gaiqi aqarakv seme bederebuhe bihe,	前来送行，汗于途中下马赐茶饮毕，喇嘛进马一。汗曰：“喇嘛等之马不宜受。”却之。
enduringge han de ilan jergi niyakvrafi ilan jergi hengkilere de, han karu ilan jergi buhi arame niyakvrafi hengkilehe,	向圣汗行三跪三叩首礼。汗屈膝答拜三次
ere ilan,	此其三也。
tere inenggi, asan, turusi, lousa, ubai, duin amban de neneme genehe qouha be halafi, emu nirui emte bayara be adabufi helen jafame geli unggihe.	是日，命阿山、图鲁什、劳萨、乌拜四大臣留其前次所统之兵，率每牛录护军一人复往捉生。
darhan taiji -i elqin genehe,	达尔汉台吉之使臣还。
iqe uyun de, hoton -i qouha tanggv funqeme tuqike bihe,	初九日，明兵百余出城。
tana sindaha anqun juwe juru, gequheri qamqi emke, gequheri juwe, undurakv juwe, nikan -i etuku duin, haqin haqin -i juwangduwan ninggun, qekemu sunja,	嵌东珠耳坠二副、蟒缎衬衣一、蟒缎二、龙缎二、汉人服四、各色妆缎六、倭缎五、
tereqi aisin -i ise mulan faidan -i jaka be gemu faidame wajiha manggi, gurun -i ejen fujin ise de tehe,	俟金椅、金凳等仪仗排列毕，国君福晋入座。
tang taizung yau gin -i suhe saqime lou giyvn tang de jailaha be gvnihakv, onqo jiramin de abkai fejergi be bahabi,	唐太宗不忌避咬金之斧于老君堂，以宽厚得天下。
iqe nadan de, asidarhan nakqu, hife baksi, korqin de doroi gisun gisureme qulgan qulgame dain de genehekv, qulgan de jihekv beise de, gaijara weile gisureme genehe.	初七日，命阿什达尔汉舅舅、希福巴克什往科尔沁议和会盟，议罚未出征、未来会盟之诸贝勒。
jai ini gvsai bithesi tohotoi alame, erei bou bayan aha ihan ambula bi, ere qouha yabure be bame bulqambi,	又有该旗笔帖式托霍托依报其家富，奴仆、牛只颇多，彼只为逃避从征耳。
jai mudan de duin niyalma be waha,	再次杀四人，
jasaktu dureng, manjusiri, darhan hvng baturu de emte gequheri, juwete suje buhe.	扎萨克图杜棱、满珠习礼、达尔汉洪巴图鲁各蟒缎一、缎二。
han jai inenggi dulimbai dukai dolo monggo bou arafi sinagalame tehe,	于次日，汗于中门内设帐房守丧。
kubuhe suwayan -i boro taiji, kitat taiji, gendushib taiji, sanggurjai tabunang,	镶黄旗博洛台吉、奇塔特台吉、根都斯喜布台吉、桑古尔寨塔布囊，
juwan uyun de, aba genehe bade tohoma namki lungto sideri hvlhaha ninggun niyalma be, qouhai jurgan -i yoto beile beidefi, jakvnju juwe xusiha tantafi darama seqihe,	十九日，兵部贝勒岳托审拟前出猎时盗鞠屉、笼头、马绊者六人，各鞭责八十二、割破其腰。
irgen be gosire erdemungge onqo mujilen be inu donjiha,	宽仁爱民之德亦曾闻之。
ere elqin isiname jakade, hvdun jurambufi unggi,	俟其使臣至，速遣之还。
manju -i qouha, heqen -i dorgi hafan qouha be gemu wafi, juwan uyun de ding jeu qi genefi, giya xan -i giyang be doufi deduhe,	满洲兵尽歼其城内官兵。十九日，自定州前进，渡嘉山江，驻营。
han -i yabure de, emu sara tukiyere anggala, sara tukiyerakv jugvn -i niyalma be jailaburakv yabumbi kai,	汗出行时，只张一伞，甚而不张伞，不令行人躲避也。
juleri tuqifi genehe beise, niyalma jafafi fonjiqi, ou muren de sereng qing baturu, gurun baising youni bi seme alaha,	前行诸贝勒擒人讯之，言塞棱青巴图鲁并其部众俱在敖木伦地方等语。
bederebuhe,	却之。
dailaqi gurun -i jobolon atanggi wajimbi,	战则国民罹祸，何时可已。
ineku orin duin de, enduringge han de uheri be baiqara yamun -i geren wesimburengge,	是日，都察院诸臣入奏圣汗曰：
tumen buqere qi funqehe irgen, enqu bade oljilabufi, baniha ba na be kidume ergen be xelefi ukame jime, jugvn de geqeme yuyume, bahafi weihun amasi isinjihangge, gvniqi tanggv de emken juwe akv,	逃过万劫之民，被俘于异地，思念故土，舍命逃归，冻饿于道，得以生还者，想百无一二。
honin aniya, gvsin jakvn se bihe,	未年生，享年三十八岁。
foloho umiyesun de fungku fadu hvwaitahai emke, xempi hafiraha gvlha de suje -i wase jibsihai emu juru, foloho jebele de beri niru sisihai emke,	系手帕荷包雕花腰带一、连缎袜绿斜皮靴一双、插有弓箭玲珑撒袋一、
monggo urut gurun qi ubaxame jihe minggan beile -i jui angkvn darhan hoxouqi nimeme akv oho de,	自蒙古厄鲁特部来归之贝勒明安之子昂坤达尔汉和硕齐病故时。
lii z gung, lii iu gung, jang xang u ilan nofi daqi gisurere de tuqifi gisurehe,	李子功、李有功、张尚武三人，初议降时曾出面协商，
erebe gvsai ejen beile sambi,	固山额真贝勒知之。
batma nirui janggin,	巴特玛系牛录章京，
hashv ergi galai qouha be, abatai taiji, ajige taiji gaifi genehe,	由台吉阿巴泰、阿济格率左翼兵前进，
ning yuwan de afafi emu feye baha seme jai jergi de buhe,	于宁远之役，被伤一处，列为二等赏之。
wara taijisa meljeqi, mukvn -i urse de fonji,	杀人台吉仍行争辩，即问其族人，
jai jergi dosika de, emu uksin etuhe monggo be jafafi gajiha,	诺门再次陷阵，获披甲蒙古人一名以还。
tere be bodorakv mini ujihe baili be urgedefi ukandara faquhvrara niyalma, abka be urgederengge kai,	彼不思是，负我养育之恩，背逆潜逃，是负天也。
wara be nakafi fujiyang ni hergen be efulehe,	免死，革副将职，
feye bahafi tuhekengge, umai jaka akv,	被创坠壕者无算，
juwan emu de, monggo beise de bithe buhe.	十一日，赐蒙古贝勒敕书。
mungtan -i giran, gori hiya -i giran, hoton -i hanqi tuhefi bahakv,	因孟坦与侍卫郭里死于城下，其尸未能收回。
morin be gaihakv bederebuhe,	其所献马匹却之。
simiyan be gaiha fonde, quwan bing ni qouhai karun kiyou de jifi ilihabi,	取沈阳时，敌船兵之哨探至，立于桥上，
bayara burhai juleri tafaka, de xeng pu de iliha qouha be gidaha,	护军布尔海先登，击败德胜堡驻兵。
manggvltai beile qouha be ilan baksan banjibufi,	贝勒莽古尔泰兵分三队，
gisun nimeme akv ofi, sirara bade akv seme nirui janggin be efulehe.	吉孙病故，不在承袭之例，故注销其牛录章京职。
seke dahv emke, gequheri emke, suje ilan, moqin samsu juwan, fulgiyan jafu emke,	汗赐貂皮端罩一、蟒缎一、缎三、毛青布十、红毡一、
sarin -i doroi geren beise susai nadan morin, sunja temen jafaha bihe,	诸贝勒以筵宴礼，进马五十七、驼五，
dade inggvldai se, qouhiyan gurun -i wang de aqaki seqi, qouhiyan gurun -i wang, dorgi geren beise -i unggihe bithe, tulergi goloi geren monggo beise -i unggihe bithe be alime gaijarakv,	先是，英古尔岱等至朝鲜请见国王，朝鲜国王竟不收其内诸贝勒及外藩蒙古诸贝勒书，
qouha ba bade tenehe be gemu sambi,	我军往各地驻守，人皆知之。
erei turgunde dehi sunja yan, emu morin gaiha,	故罚银四十五两、马一，
ineku orin de, daiqing gurun -i gosin onqo hvwaliyasun enduringge han -i hese, amba jiyanggiyvn qen du ming de unggihe,	是日，大清国宽温仁圣汗谕大将军陈杜明：
iqe sunja de, ning yuwan de elqin genehe fanggina, untasi isinjiha,	初五日，出使宁远之方吉纳、温塔希
buhe menggun be aqan dendeme takvraha niyalma suweni nikan -i kouli gaijara yaya ba -i niyalma ulin ume bure,	所付银两，合分，所遣之人，按尔汉人之例取之。各地之人不得付给财物，
qiyanzung, bazung de juwete yan buhe menggun be, ma fujiyang ini beye gamame genefi xangname bufi jihe,	千总、把总，各赏银二两，其赏银由马副将亲自赍往赏责而还。
tung yan endeme qalame weile baha de, xajin -i tuhere weile gaimbi,	倘失职获罪，依法赎罪。
morin be ukanju de gaiburahv,	又恐马匹为逃人盗去，
minde jibqa akv,	我无皮袄可穿，
atanggi jobobumbihe,	何曾受苦。
xeubei be tukiyefi iugi obuha,	至是擢为游击，
han, beise -i aqara de, qouha genehe taijisa ambasa, okdoko taijisa ambasa meni meni ergide dahame niyakvraha,	汗与诸贝勒相见时，出征台吉诸臣及来迎台吉诸臣，分别随礼跪拜。
hafan bisire niyalma oqi, ini hafan -i jergi de haha guwehe,	有官职之人，俱照官职品级免其丁役：
jakvn biyai iqe de, non -i korqin -i ilduqi beile eigen sargan genehe,	八月初一日，遣嫩科尔沁部伊勒都齐贝勒夫妇还，
liuge be jafaha, ahvn deu -i yaluha juwe morin be jafaha,	捕获六哥，获其兄弟所乘二马来献。
boude bihe amin beile, xoto taiji, emu nirui orita uksin be, yung ping de tehe ilan taiji qouhai niyalma be halame gene seme unggire de,	故命留守阿敏贝勒、岳托台吉率每牛录甲兵二十往代驻永平之三台吉及其军士。
guru taiji be waha,	杀其台吉古鲁，
amba beile, amin beile, xoto taiji, gulu fulgiyan, kubuhe fulgiyan, kubuhe lamun -i gvsa be gaifi ginjeu golo be feksifi, ginjeu heqen be kaha,	大贝勒、贝勒阿敏、台吉硕托率正红、镶红、镶蓝旗，进略锦州一带，困锦州城。
iqe ninggun de, gulu xanggiyan -i bahi nimeme akv ofi, jui sihan be ineku nirui hontoho janggin siraha,	初六日，正白旗下巴希病故，以其子锡翰仍袭半个牛录章京职。
yaya baita gisun de meni meni jurgan -i doron be takvra seme henduhe.	凡通行文书，概用各部印行。”
tereqi meni ilan tanggv gvsin haha, nadan tanggv susai ninggun angga be te uthai jafafi benju,	“将我男丁三百三十人、七百五十六口，今即执送前来。
erei oron de toudaha haha be gidafi takvrambi,	遂隐匿其所赔男丁役使；
tu qi lakqafi emhun dosika be beile saha,	又离纛独自进击，贝勒知之。
sunja biyai juwan de, luwan jeu be nikan qouha kafi, ilan inenggi ilan dobori afaqi, ini beye dame generakv,	五月初十日，明兵围滦州，攻三昼夜，彼不前往救援，
jase jeqen be qiralame tuwakiyanduki, hvlhame jase dabame yabure be lashalame nakabu sere gisun ambula mujangga seme elqin jihe.	“严守疆界，禁绝私越边境之言甚是。”
heqen be afara de wabuhai dabala, baha manggi, qouhai niyalma be emkeqi wahakv, gemu meni meni boude hehe juse de aqana seme sindafi unggihe,	除攻城时被杀者外，克城之后，其未杀之人皆释之还家，与妻子完聚。
sini banjiha eshen be waha, geli sini beyebe warahv seme geleme, amba niyalmai jui serengge tere wakau,	此非因尔亲叔被杀，又恐杀及尔身，故称为大人之女耶。
muse de teisulebuhe bata be muse uhei hvsutuleme kiqeme afaqi, abka gosime, bata niyalma be gidame eberembure ohode, muse oihori sain kai,	我等果能同仇敌忾，则天必眷佑我等，削弱敌势，究为善事也。
udu komso seme emu tumen geli baharakv doro biu,	我国有万名俘虏进入，
dorolon -i jurgan saikan ulhibume selgiye.	着礼部传谕周知。”
ara nomqi -i juwe morin, juwe temen be youni gaiha,	汗纳阿喇诺木齐二马、二驼，
lu geu kiyou -i qouha be geren -i gidara de, mini teisu gidaha,	众击卢沟桥兵时，我败对面之敌。
baktandarakv mujangga, meiren -i janggin qi wesihun hafasa, dele hengkilenjikini,	“实难容纳。梅勒章京以上各官至御前行礼，
nikan han sain ulin be tuqiburakv xajilafi, te ele qira ohobi,	上等货物，明帝禁止出境，今愈严矣。
alban gidaha,	隐匿赋税，
ese de unggihe bithei gisun,	书曰：
ineku iqe de, korqin -i hoxoi tusiyetu qin wang, hoxoi gungju, ini gurun de genere de, han -i buhengge,	是日，遣科尔沁部和硕土谢图亲王、和硕公主还。汗赐
terei amala, qahar -i han simbe waki seme qouha jihe de, be donjihai uthai beye joboro morin buqere be gvnirakv,	后察哈尔汗欲杀尔，兴兵来侵，时我闻之，不惜身受劳苦，马匹倒毙，
nikan meni juwe gurun, doro temxeme dailara de, suwe unenggi hafasa be wara,	我与明两国构兵争帝业，尔等果能杀其官吏，
niyalma oqi ishun axxambihe kai,	若为人，应动也。”
nikan gurun de jalingga koimali ambasa ambula,	在明国，奸臣甚多，
bi liyoudung be baha manggi, you jeu -i niyalma be aqinggiyahakv bihe seme wesibufi beiguwan -i hergen buhe,	我取辽东后，率耀州人众降有功，授以备御职。
beki qouhai ejen samsika,	步军将领萨木什喀，
ai ai weile be juwan qi qasi gisureki,	“一应之事，俟过初十日再议。
juwan emu de, wasimbuha bithei gisun,	十一日，颁书曰：
ere honin be suwe gaisu,	此羊，尔等可收之。
morin -i bethe be akdulame hvwaita,	马须紧系，
genere urse be fudeme genefi, amasi jidere de abalaha.	前去为之送行，返回时沿途打猎。
faquhvn yabuqi jafa sehe.	乱行者执究。”
uksin niyalma de gaijara jeku orho gemu baha,	甲兵所需粮草，皆已获得。
ulin ulha gaihakv,	未夺财畜，
tere ba -i monggo burulafi nikan -i jasei xurgei hoton de dosikabi seme alanjiha manggi,	该处蒙古人已逃入明境内杀虎口城等语。
enduringge han -i hese, doroi baturu giyvn wang, geren ambasa suwe abkai gosire de aqabume, gemu uhe hvsun -i kiqeme yabuha haran kai,	“多罗武英郡王及诸大臣，此皆尔等仰副天恤，协力勉为所致也。”
mini ujulaha amban inu wesihun elqin -i baru waqihiyame gisurehebi,	我为首大臣已与贵使臣尽言之也，
tusiyetu han ini geren beise be gaifi niyakvrame hengkileme aqaha,	土谢图汗率其众贝勒叩见。
mau wen lung ni tun de genehe de, mimbe yarna -i emgi ci’ iui to de unggifi, sunja quwan juwan emu niyalma bahambihe,	往毛文龙所居岛时，命我同雅尔纳往刺鱼坨，曾获敌船五及人十一名。
menggun -i dongmo emke, dobihi dahv emke, dambagu orin kiyan, bandu bele juwe sin, dabsun emu sin, fon fiyan, ulme tonggo, qai omire moro ilan,	银茶筒一、狐皮端罩一、烟二十刀、稻米二金斗、盐一金斗、胭脂、针线、茶碗三，
adahai saqa be gajifi na de maktara jakade, adahai be taizu -i etuhe saqa be na de maktaha seme susai xusiha tantaha,	阿达海携胄至，掷于地，遂以阿达海掷太祖御用胄于地鞭五十。
gingguleme weqehe,	敬谨致祭，
beise suwe miningge seme duriqi, suwende gelerakv we bi,	若尔诸贝勒强为己有而夺之，有不惧者乎。
hvsintai, mandai be tanggvta xusiha tantafi xan oforo tokofi niru boxoro be nakabuha,	胡辛泰、满岱各鞭一百，贯耳鼻，解牛录任。
jai beisei tabqilafi baha olji be, baha bade olji teisuleme, ojorakv turga morin -i qouhai niyalma be werifi, qasi gurun -i dube bisire teile genefi gaisu,	至诸贝勒掠获之俘虏，即于俘获之地酌留羸瘦马匹之兵看守，仍纵深掠至其边境。
sain mujilen jakvn hoxo be ujimbi,	仁育八方。
hoxoi erke qin wang tere inenggi bederefi, juwan ilan de hashv ergi gala -i qouha be gaifi, ilanggeri pou sindame qouha juraka.	和硕豫亲王当日还，于十三日率左翼兵，鸣炮三，启行。
jang douli -i suqungga qouha de yafahalafi juleri dosika,	首战张道台兵，徒步率先进击，
te iqe toktobufi aldangga hanqi be bodome kutule de gemu ilgame buhe,	今已新定，按其距离远近及跟役，俱分别赏之。
ere ukandarangge, ini qisui generengge inu bi, hafasa hebei unggirengge inu bi,	该逃人中，有出于己意出逃者，亦有官兵同谋而故纵者。
ere uheri jakvnju sunja uksin de olji buhekv faitaha.	共甲兵八十五人，均免赏。
orin duin de, gu an hiyan qi monggo -i aqifi gajiha moqin be, feyengge niyalma de xangname buhe.	二十四日，以蒙古自固安县驮来布匹，赏给受伤之人。
ineku tere inenggi, karaqin -i gunji -i jui daramdi emu qekemu duin da, emu suwayan suje, emu lamun suje, emu temen, emu morin,	是日，喀喇沁部衮吉之子达尔玛迪进倭缎四庹、黄缎一、蓝缎一、驼一、马一，
niyengniyeri elqin unggiki serede wesihun elqin neneme isinjire jakade ambula yertehe,	正欲遣春使往，适贵使臣先至，愧甚。
orin duin de, zun hvwa de takvraha bithei gisun,	二十四日，致遵化书云：
tere dedun de emu ihan juwe honin wafi, han, ini gvsai geren bayara, bayarai tui ejete, kirui ejete, monggo taijisa, dalingho -i iqe nikan hafasa be sarilaha,	于驻地，汗命杀牛一、羊二，集本旗众护军、护军纛额真、旗额真、诸蒙古台吉及大凌河新降汉官等宴之。
han -i sain gvnin be abka na sambi dere,	汗之美意，天地共鉴之。
juwe morin baha seme, nirui janggin be ilaqi jergi jalan -i janggin obuha,	获马二。因擢牛录章京为三等甲喇章京，
suwe geneqi, be dahame geneki, membe ainu werifi genembi, suwembe genehe de, ere jihe beile de, meni ergen guwerakv, urunakv buqembi sehebi,	“尔等若去，我等愿随往，何故留我等而去。尔等去后，该贝勒至，我等将性命难保，必死无疑也。”
uju jergi xusai -i jergi de juwe haha kamqibuha.	按一等生员之例，使其兼管男丁两名。
iqe jakvn de, asan yafahan juwan niyalma, moringga emu niyalma be weihun jafafi benjihe,	初八日，阿山生擒明步兵十人、马兵一人解至。
bi tondo mujilen -i ejen -i jalin faxxaqi, amaga niyalma inu tondo mujilen -i ejen -i jalin faxxambi kai,	臣若以忠心为主效力，后人亦以忠心为主效力也。
juwan ninggun de, sidangga, olika be pan giya keu -i duka de bithe bene sehengge, jase be beki, geneqi ojorakv seme amasi bedereme jihe manggi,	十六日，先是，遣席当阿、鄂里喀赍书往潘家口，因边隘坚固，不可前进，遂还。
tere inenggi, xanaha -i jau zung bing guwan, liu fujiyang, g’au fujiyang, wang fujiyang, canjiyang, iugi uyun, duin minggan siliha qouha gaifi,	是日，山海关赵总兵官、刘副将、高副将及王副将、参将、游击九员率精兵四千来援遵化。
suweni hvsun be alime etehekv qouha gidabuha,	因不能挡，为尔所败。
suwende xangnara bure be bi elerakv kai seme hendufi,	虽加赏赉，我犹以为不足也。”谕毕，
ya burulaha beise ambasai boigon ulha ulin ai ai jaka biqi, qouhai ejete ejen arafi afabufi ejeme gaibu,	凡溃逃之诸贝勒大臣等所遗家产及牲畜财帛等物，各主将即拨主守之人登记收贮。
han -i falan de qouha genehe fonde, han -i jihe amala, luwan jeu de tutafi yabuha sain seme ni gidaha bihe,	进兵明内地，汗班师后，令其留守滦州。念其戮力行间，记功，
jai yangguri efu, babutai age be tehe baqi boude jifi te,	再命杨古利额驸及巴布泰阿哥，自驻守地撤回沈阳守城。
han, galju be si baturu oqi, tusangga dain de baturulaqina, tusa akv tasha de ai baturu, mini jakade ume bisire seme ambula beqeme henduhe.	汗切责噶勒珠曰：“尔果勇，施于战阵，乃为有益，而用于无益之虎，勇乎。嗣后勿侍御前。”
faidan -i jaka be dagila seme hoxoi fujisa, gurun -i gungju sede jakvnjuta yan menggun, doroi fujisa, hoxoi gungju sede ninjute yan, doroi beile -i sargan fujisa de dehite yan buhe.	赐和硕福晋、固伦公主等银各八十两，多罗福晋、和硕公主等银各六十两，多罗贝勒福晋等银各四十两，命其治备仪仗。
efu -i emu sula morin, hatan baturu -i juwe sula morin be gaiha,	纳额驸空马一、哈坦巴图鲁空马二，
tereqi doroi bayan beile, jergi qi lakqaha ujui gung yangguri, gvsai beise fiyanggv, aiduri, majan, tunqi, bolo, hoto, durhu, ere geren buya gvsai beise se, siran siran -i ahvn -i bodome, wang ni aqaha songkoi tebeliyeme aqaha,	次多罗饶余贝勒，超品公杨古利，固山贝子费扬古、艾都里、马占、屯齐、博洛、和托、杜尔祜等诸小固山贝子等，各依齿序，俱如王相继行抱见礼。
nendeme yuwan du tang meni baru aqaki seme gisurere de, emdubei gisurembime emdubei ibeme hoton sahara jakade, be doro gisurembime ba ainu ibembi,	先是，袁都堂与我议和时，彼一面议和，一面进而筑城。我谓方讲和事，何为相逼。
bi dain nakaki taifin banjiki seme jing bithe unggimbi,	我本欲罢兵修好，共享太平，故而屡屡遗书，
tolbotu be kalka de tehekv dahame jihe seme, gosime darhan -i gebu bufi ejehe buhe.	“扎尔博图弃喀尔喀来归，当优恤之。赐名达尔汉，给以敕书。”
qahar han, kalka be efulefi gamafi, beise -i dele juxen niyalma be daruga sindara,	察哈尔汗破喀尔喀，私分诸贝勒之诸申人等，
i dere arame weilengge xoto de amasi buki sehe,	彼欲沽恩于有罪之硕托，奏请还之。
ede kubuhe fulgiyan akv,	此次，唯镶红旗未赏。
wang be huwekiyebuhe ambasa qouha irgen wang simbe dahambiu,	彼劝王之臣及军民等皆从王乎。
gvsin de, enduringge han, doroi baturu giyvn wang ajige, doroi bayan beile abatai, jergi qi lakqaha ujui gung yangguri efu,	三十日，圣汗遣多罗武英郡王阿济格、多罗饶余贝勒阿巴泰、超品一等公额驸杨古利、
kubuhe fulgiyan -i qen qu siyan, xui ing jo,	镶红旗陈楚贤、水英卓，
tere boui niyalma gemu sambi,	该家之人尽知之。
daqi mini yabun tere gese buya weile be ainaha seme deriburakv,	我之素行，断不为似此小事所怒，
tere serehekv arga de tuheke gojime, irgen -i ubaxahangge waka,	实乃彼等迷惘中计而已，非民叛者也。
qoshi -i ama jolbitai dade monggo -i tumet gurun -i beile bihe,	绰斯喜之父卓勒毕泰，原系蒙古土默特部贝勒。
iselerakv niyalma be ume wara,	杀之；其不抗拒者，勿杀。
juwe hafan de niruha enggemu tohoho emte morin, orhoda sunjata gin, seke tofohoto,	赐二使臣各彩绘鞍马一、人参五斤、貂皮十五。
sarin sarilame wajiha manggi, amasi meni meni tatan de genehe,	宴毕，各还营地。
gaxan -i xurdeme giyai de yabure de, han de kiru ilan juru, sara juwe, niyalma jailabure niyalma ninggun,	凡于屯寨周围街道行走时，于汗前用旗三对、伞二柄、校尉六人；
arjin, kvrqan, giuxan, tulai, ubai, asan, bangsu, ilemu, ere jakvn niyalma be, nikan qouha be dobori dosifi gidaha, hoton qi tuqifi waha sain seme sindaha,	遂以阿尔津、库尔禅、觉善、图赖、乌拜、阿山、邦素、伊勒穆等八人夜入敌阵，击败明兵，又出城歼之，洵属可嘉，而令释放。
jai jergi fujiyang han dai hiyvn, pei guwe jeng, sun ding liyou,	赏二等副将韩大勋、裴国珍、孙定辽等
emu morin baha,	获马一。
suweni emgi genere qouhai morin tarhvn, qalifi buqerahv seme henduhe gisun be jurqeme abalame genefi, genere de juwan nadan morin qalifi buqehe,	“与尔等同行兵丁之马匹俱肥壮，唯恐酷热，致有倒毙。”乃该员等违谕出猎，往时马匹倒毙十七匹，
juwan ninggun de, musei jafafi ujihe nikan be k’ai ping ni douli de takvraha,	十六日，遣所获汉人赍书遗开平道
jai tere tuba -i nikan bigan de tuqifi afame ohode enteheme ja,	又彼处明军若出城郊战，破之甚易。
han de niyakvrame habxafi, orin uksin qi fulu yafahan inu genehe,	跪告于汗，遂命除二十甲兵外可遣步兵往，
tumei lung de menggun nadanju yan, hvrha seke -i hayaha honqi doko pengduwan de puse ten ifiha burgiyen -i jibqa emke, iqehe seke -i mahala emke,	图美隆银七十两、虎尔哈貂披领羊皮里彭缎面缝蟒袱补袄一、熏貂帽一、
meni ajige gurun -i niyalma doro aqafi ulin bahara, aba abalame giyahvn maktame banjiqi, dule jirgaqun kai.	唯和好既成，获有财物，狩猎放鹰，共享安乐，乃我小国之人所幸也。”
alime gaisu,	当收之。
bi sini weile be gvnirakv, ineku dusi’ obuha,	我不念尔罪，仍授都司职，待出官缺，
genggiyen han be abka banjibuha niyalma ofi, terei mujilen -i fukjin yabuhangge, julgei enduringge mergese qi inu enqu akv,	英明汗应天而生，以其创意而行，与古圣贤无异也。
ma guwang yuwan, dade canjiyang bihe, geren be gaifi dahame jihe seme fujiyang obuha,	“马光远，尔原系参将，因率众来降，擢为副将。
genehe geren beise de emte morin buhe,	赐出征诸贝勒各马一匹。
suwe qahar -i han, ahvn deu be takarakv, doro efulembi seme mimbe baime jiqi, bi ba be ainu bilambi,	“尔等既以察哈尔汗背弃兄弟，败坏道统而前来归附我，我岂能限定地界，
tere anggala, buya niyalma sehe seme, emgeri juwenggeri temgetuleme heqen de neneme tafaka gungge niyalma be, inu jai heqen de ume afabure sehe,	即或士卒中若有一二次率先登城立功者，亦不可再令攻城。
hoxoi mergen qin wang, hoxoi erke qin wang, hoxoi fafungga qin wang heqen tuqifi amba sarin sarilafi fudehe,	和硕睿亲王、和硕豫亲王、和硕肃亲王出城，大宴饯行。
tere medege be han de alara jakade, han hendume,	告以汗，汗曰：
ere be suwende hendurengge, terei durun be bai sakini serengge,	以此告知尔等者，盖欲使尔等知其大略也。
ninggun aniya tehe.	驻守六年。
sini tere ehe be gvnirakv, buhe jui be gebu doro be gvnime benehe,	不念尔之恶，但思名节仍以女归尔。
juwe aniya mini takvraha bithe be, elqin be, han -i heqen de xuwe unggirakv bederebuhengge, dai liyou -i aisin be gidaxaha qi hono dabali kai,	不令我信使直达京城而遣还竟达二载。较大辽之欺金尚为过也。
sun de gung de daqilame fonjiqi, sun de gung bi alahakv seme gisun ubaliyaka turgunde, sun de gung de susai yan -i weile,	及询问孙得功，孙得功反云未告，是以罚孙得功银五十两。
moringga qouha nadan minggan, yafahan qouha nadan minggan, hoton weilere niyalma, hvdai niyalma nadan jakvn minggan bi seme alaha,	马兵七千，步兵七千，筑城夫役、商贾七八千。”
jai han beise -i sula hiyasa, daise janggin, juwan bayara qi wesihun, bahara niyalma oqi suje etukini,	又汗、诸贝勒下闲散侍卫、带子章京、护军以上，其有缎者许服缎衣；
terei jalin ai jobolon waka baharahv seme jailandumbi,	恐遭祸患，相率趋避，
ma xu lin, si dade giyvn men -i ki gu hergen -i hafan bihe,	“马汝霖，尔原系军门下旗鼓。
solho han -i deu be amin beile -i sirame tebuhe,	令朝鲜王之弟坐贝勒阿敏下，
qouhai boljohon de jui be unggihe,	又如期会师，遣其子来会。
jai umai medege akv,	并无消息。
neneme i jeu be gaiha dobori faksalafi unggihe qouha, mau wen lung ni tehe tiyei xan be suqufi, nikan -i qouha be ambula bahafi waha,	先于取义州之夜，分兵往攻毛文龙所居铁山，斩明兵甚众，
dorolon -i jurgan -i mujilen bahabukv kiqungge be takvrame taimiyou de dobono,	礼部启心郎祁充格先享太庙，并谕曰：
bandi ajigen, hvng baturu sini beye gurun -i emgi bi,	班迪年少，尔洪巴图鲁身居本国，
han gurun -i yadahvn be waha, bayan be waha,	汗于国中之人，不论贫富，均加屠戮，
jai geli dalingho qi dahabufi gajiha jalan -i janggin liu si’ ning ni emgi jiha efihe be, liu si’ ning ni boui niyalma gerqilehe,	后复与大凌河归附甲喇章京刘思宁赌博，为刘思宁家人告发，
qahar monggo -i han lindan, kalka be efulehe manggi, seter, angga ini gurun be gamame monggo -i non -i korqin de dosika bihe,	蒙古察哈尔林丹汗破喀尔喀之后，色特尔、昂阿携其部众往投蒙古嫩科尔沁部，
amba fujin, geren fujisa be gaifi, mama be sunja ba -i dubede fudeme genefi, amba sarin sarilafi bederehe,	大福晋率诸福晋送祖母至五里外，大宴而还。
qahar han doro akv, banjiha uksun be wame talame banjire be, sure han, amba ajige beise gemu sambi kai,	察哈尔汗不道，摧残骨肉，天聪汗及大小诸贝勒俱知之也。
si minde unenggileme akdafi mimbe hvdulame dalin de tafa sefi geli ainu bisire juxen be amasi benju sembi,	尔诚信赖我，俾我从速登岸，又何必急于索还所有诸申耶。
jai monggo de beri sirdan ume unqara seme jing hvlaqi, kemuni hvlhame unqambi,	又，屡禁售弓箭于蒙古，竟仍有盗卖者。
jui be jorime genehe makta -i sargan -i ahvn be, tabqin de genefi bahafi gajiha ninggun haha de bou iqihiyahakv, kubube lamun -i sebei de anahvnjaha,	又获为女定亲之玛克塔妻兄掠得之男丁六人，未给所获之人以房舍，即转与镶蓝旗下色黑。
tere yamji heqen -i xurdeme dedufi, jai qimari erde jifi alame, membe meni hafasa halburakv, han be dahame geneki seme jidere jakade, xanaha baru qihangga bade gene seme sindafi unggihe,	是夜，彼等环城而宿。翌日来报，我方守城官员不令我等进城，故复来降等语。汗仍令纵赴山海关，任其所往。
ere amin beile, ini ama be huwekiyebufi, ahvn han qi fakqafi, heqemu golo de tembi seme boui mou saqiha bihe,	汗父与阿敏贝勒之父兄弟二人，相处和睦。乃贝勒阿敏调唆其父，欲离兄汗而移居黑扯木地，使人伐木，以备建房。
ere be dendefi orin sain niyalma be xang yang pu de tebume unggihe,	将其二十名壮者发往尚阳堡居住，
biliktu langsu aisin juwe jiha jakvn fun benjihe.	毕礼克图朗苏进金二钱八分。
neneme jihe qouhai niyalma de, niyalma tome gvsita sirdan unggi,	先来之军士，各给梅针箭三十支。
ulan de isitala niyamniyame waha,	追射至城壕而还。
erin akv farhvn dobori oqi, bi inu generakv,	时辰不合，倘于黑夜，我亦不往。
aqame wajiha manggi, gajiha arki be han, beise de angga isibuha,	见毕，以所携酒进汗与诸贝勒先饮。
terei juleri mini beye gashvfi unggire.	我当面盟誓毕遣之还。”
bi amasi jihe manggi, daha seme niyalma takvrara jakade, yaya qi si neneme heqen qi wasifi gisureme, pan giya keu dahaha seme wesibufi xeubei obuha.	我师还，遣人招降，尔率先缱城，奏称潘家口降，擢为守备。”
deng beiguwan, iu tiyan qeng, esede tehe seme juwe beiguwan de aqan emu suje buhe,	邓备御、尤天青等人，因留守，每二备御合给缎一。
asan be wesibuhe turgun,	阿山擢升缘由：
suwe mimbe holtombi serakv,	尔疑我言为诈，
dehi susai jihe nirungge, tofohoto uksin unggi,	已派甲兵四十或五十人之牛录，今派甲兵十五人。
giyvn xeu hafan piyou iu giyan jafabuha,	又郡守朴友建被擒。
emken be tuqibuhekv waha seme han ambula saixaha,	因无一漏网，尽杀之，汗甚嘉许。
dain be nakaqi uthai jirgaqun kai,	停息干戈，便是逸乐也。
tusiyetu han dasame niyakvrafi han, beise -i elhe sain be ishunde fonjifi wajiha manggi,	土谢图汗复跪请汗与诸贝勒安毕，
ubaqi genere nadan ukanju, emu giyansi, qargi qi jihe juwan niyalma emu quwan, uheri juwan jakvn niyalma baha,	获由此遁逃之人七名及奸细一名、获由彼前来之人十名及船一艘，共获十八人；
qekqemu de hvrha seke -i dahv emke, gequheri monggorokv sindame suje -i sijigiyan emke, suje -i qamqi fakvri, emu morin de enggemu hadala tohohoi,	车克车木虎尔哈貂皮端罩一、蟒缎镶领袖缎袍一、缎衬衣裤、备鞍辔马一，
niyalmai qoktolome dabali gamara de akv	不在人之骄矜僭越也。
uge de emu hvrha sekei dahv, juwan hvrha seke, dage, sange, si’ge, houxan de emte juxen sekei dahv unggihe,	赠五哥虎尔哈貂皮端罩一，虎尔哈貂皮十，大哥、三哥、四哥、豪山等各诸申貂皮端罩一。
te jidere be nakafi sini hvdaxara bade hvdun gene,	今即停止前来，速往尔贸易处所。
suwe, aisin emu tumen yan, menggun juwan tumen yan, suje juwan tumen, moqin samsu gvsin tumen benju,	尔则送我黄金一万两、白银十万两、缎十万匹、毛青细蓝布三十万匹。
muse han -i heqen de geneqi ojorakv kai,	我等不可去王京。
dade manju gurun julgei kouli doro jurgan be umai sarkv, fukjin mujilen -i yabumbihe,	昔满洲国并不谙典故，凡事皆草创而行。
terei sirame gvsai ejete, meni meni gvsa be gaifi, ilan jergi niyakvrafi uyun jergi hengkilembi,	次固山额真等各率本旗行三跪九叩礼。
uksin saqa etufi geli adarame afambi seme hendure jakade,	岂能环甲而战耶。
tuttu waka,	“非如是也。
ere be beneme kiqungge bithesi de jakvn takvrsi be adabufi unggihe.	遣笔帖式祁充格率差役八人送之。
esei emgi buyantu be amasi takvrafi unggihe.	时遣布颜图偕还。
membe, simbe gajime jiu seme inu henduhekv,	“未令我等偕同尔去，
jai ninggun ihan, juwan honin -i yali, duin kukuri arki be han de sarilaha,	又以六牛、十羊之肉及四壶酒具宴以献。
lu geu kiyou -i qouha de juleri dosika,	率先进攻卢沟桥守军。
gajime muterakvqi, sini beye emhun ukame jiu seme takvrahabi.	若不能，尔可孑身潜来等语。
te suwe qahar de ume gelere,	“今尔等勿畏察哈尔。
suksaha emu feye gabtabuha,	腿中箭伤一处。
sini bithei gisun membe fusihvlaha turgunde, karu jabuhangge ere inu,	尔既然来文轻我，我即复文以报之。
ginjeu -i neneme gidaha qouha de, meni gvsa de juleri dosika,	先击败锦州兵时，先于骑兵进击。
foloho umiyesun de aisin ijume emke, suje sunja, moqin samsu orin buhe,	镀金镂花腰带一及缎五、毛青布二十；
fujiyang de houxan emu minggan juwe tanggv, honin emke, arki ilan malu bumbi,	副将赐纸一千二百张、羊一只、酒三瓶，
gurun -i efu ejei be hoxoi qin wang,	固伦额驸额哲依为和硕亲王、
hv jiyo juwan to, janquhvn usiha juwan to, amba soro juwan to, be g’o juwan to, kataha hasi susai ulqin, taimpa -i yali juwan ulqin,	胡椒十斗、栗子十斗、大枣十斗、白果十斗、茄干五十串、螺蛳肉十串、
xanggiyan morin aniya aniya biyade ejehe jafu buhe dangse.	庚午年正月颁赐敕书、札付档。
unqehen de dosifi morin tanggv isime baha,	我军追击其后，获马百匹，
iqe uyun qi han, geren beise, ambasa gemu abka weqembi seme beyebe bolgomiha.	自初九日始，汗与诸贝勒大臣皆斋戒祭天。
turgei gvsai duxa, han -i hoton -i amala hvng i pou ganame genefi, emu tanggv qouha be gidafi tofohon morin baha,	图尔格依旗下杜沙往京北取红衣炮，败敌兵一百，获马十五。
tere bithei turgunde han hendume,	因其上书，汗曰：
abka jing membe gosime wehiyeme aisilambi,	天常悯恤扶助我等，
orin ningguqi debtelin wesihun erdemungge -i suqungga aniya uyun biya	第二十六册崇德元年九月
mini gvnihangge, suwembe emke dere aqafi, abka na de akdulame gashvfi, gvniha gisun be gisureki seme jiu sehe,	我之意，面见尔之一人，盟誓天地，倾吐衷曲，故请前来也。
jai xurdeme heqen de mejige gaiqi, qouha ajige ajige nonggimbi sembi,	侦探环城消息，闻其兵略有增加等语。
ere be baiqahakv turgunde, jalan -i ejen borxan de tuhere an -i weile, laiju, kangkalai de tuhere an -i weile gaimbi,	将失察之甲喇额真博尔善、赖珠、康喀赖一并照例罚赎。
ere be waqi, jai bithe wesimburakv kai seme tafulaqi, ohakv, hafasa faitarame waha.	若杀此人，则再无上书者矣。”众官不从，刻而杀之。
aqame wajifi qeni sarin -i doroi gajiha arki yali be han de angga isibuha,	见毕以筵宴礼，将其所携酒肉献汗尝。
aisin ijuha menggun -i tampin juwe, aisin ijuha menggun -i jakvn enduri hvntahan juwe, bai menggun -i hvntahan duin.	镀金银壶二、镀金八仙银杯二、素银杯四。
han amha de dorolohakv turgunde mimbe wasibuha,	因失礼于汗岳父，故见疏。
bi ya niyalmai sain hehe be durime gaihau,	曾见我夺人美妇乎，
jambala de undurakv emke, ninggun suje, moqin boso orin, emu tuktuma uksin, foloho enggemu emke, jebele emke, umiyesun emke,	扎木巴拉龙缎一、缎六、毛青布及布二十、暗甲一、雕鞍一、撒袋一、腰带一；
meni qouha duleke aniya juwan biyai orin nadan de, lung jing guwan, dai an keu sere juwe duka be dosika,	去年十月二十七日，我军进入龙井关、大安口两门，
xanggiyan morin aniya nadan biyai iqe sunja de, si’ge, uge -i takvrafi unggihe amji -i jui ahvn liu hing pei, emu qiyanzung juwe kutule isinjimbi seme medege alanjire jakade,	庚午年七月初五日来报，四哥、五哥遣其伯父之子堂兄刘兴沛、千总一人及跟役二人前来。
irjam mergen de unggihengge, foloho enggemu n hadala de aisin ijume emke, foloho jebele dashvwan de aisin ijume emke, beri emke, elqin de suje emke, moqin samsu jakvn buhe.	转赐伊尔扎木墨尔根镀金雕鞍辔一、镀金镂花撒袋弓套一、弓一，赐使臣缎一、毛青布八。
juwan emuqi dobton taizung hvangdi -i wesihun erdemungge -i suqungga aniya aniya biyaqi ilan biyade isinahabi	第十一函太宗皇帝崇德元年正月至三月
aqaki seqi, aqara be lashala,	欲和则竟言和，
jai nikan -i elqin, manju de ainu genembi, qende jiu seme, juwe jergi bithe jafafi jihe bihe,	又称明国曾两次遣使致书曰，为何去往满洲，宜归附明国等语。
yali de ambula dousi, neneme emgeri xi fang si’ de tarhvn bigan -i ulgiyan wafi benjihekv jekengge, tereqi geli dousi biu,	又，尔甚贪肉，前于十方寺杀肥野猪，不进而食，贪婪更有甚于此者乎。
ereqi amasi yaka niyalma suwembe gelebume faquhvn gisun gisureqi, suwe ume olhoro,	嗣后，凡有恐吓惑众之言，尔等勿得惊惧，
han, geren beise geli sain mujilen -i waliyaqi ojoro be waliya,	汗及诸贝勒等仍持善心，可弃者弃之，
doko juwete, ijifun merhe duite, hiyase emte, dambagu tofohoto kiyan, neqin foloho nadan sara -i jebele de niru sisihai emte, weihe emte juru,	衣里二、梳篦四、匣子一、烟十五刀、平雕钉七个饰件插箭撒袋一、角一对、
hailun duin minggan nadan tanggv uyunju ilan, dobihi duin tanggv uyunju sunja, tasha nadanju uyun, yarha uyun, keibisu juwe tanggv nadan, fulgiyan jafu susai.	水獭皮四千七百九十三、狐狸皮四百九十五、虎皮七十九，豹皮九、毛毯二百七、红毡五十。
juwan jakvn de, daiming gurun -i qouha giyang ni bira be doufi, giyan qang be suqunjimbi sere mejige be donjifi unggihe uxan, gisha, loki isinjiha,	十八日，先是，得悉明兵渡江来犯碱厂，命吴善、季思哈、罗奇往援之，至是还。
han -i unggihe bithei dubede, genehe amban anggai gisure sehebi,	书尾云，令所去大臣口传等语，
aisin -i foloho jebele de beri niru sisihai, foloho loho emke,	金雕花撒袋弓矢、雕花腰刀一、
fung xun -i zung bing guwan, musei juwe niyalma be gamame k’ai ping de genefi, douli -i emgi hebexefi, neneme jihe juwe xeubei be takvraki serede, dergiqi bithe jifi nakahabi,	丰润总兵官，携我二人往开平，与道员商议，欲遣先来之守备二人前来，因上有来书而止之。
juwe biyai iqe uyun de, nikan han de unggihe bithei gisun,	二月初九日，遗书明帝曰：
sure han -i wasimbuha bithei karu,	“谨回复天聪汗颁降之书。
julergi dere de tataha kubuhe xanggiyan, unege baksi, gulu lamun, kubuhe lamun,	营于城南之镶白旗、乌讷格巴克什、正蓝旗、镶蓝旗、
ginjeu -i yafahan -i qouha de, yangguri efu -i emgi juleri dosika seme emu morin buhe,	念其与杨古利额驸倡先进击锦州步兵，赐马一。
dehi uyuqi debtelin sure han -i ningguqi aniya juwe biya	第四十九册天聪六年二月
terei sirame aru -i monggo -i elqin aqaha,	次阿鲁部蒙古使臣拜见。
daqi minde bihekv biheu,	昔尔等不在我处乎。
damu bithe kouli be jafafi qouha irgen -i joboro suilara be bodorakv oqi, ejen be untuhuri obure qouha irgen be efulere jalingga buya niyalma kai,	拘泥篇章，不知军民疾苦，则实乃上辜君主、下负军民之奸俵小人也。
juwan ba -i dubede fudere doroi juwe ihan nadan honin wafi, urehe taijisa ambasa genefi sarilaha,	命熟识之台吉大臣等送至十里外，宰牛二、羊七，宴之。
kvniyakda ini emgi gamaha orin duin haha be gemu wahabi,	于是，库尼雅克达将所携虎尔哈男丁二十四人尽杀之。
muse de dahaha irgen be umai neqirakv werifi jiqi sain,	其降我之民，秋毫勿犯，留彼而回为善。
dusg’ar de emu dobihi dahv, juwe suje, dehi moqin,	赐杜斯格尔狐皮端罩一、缎二、毛青布四十；
jang hvng mo de duin ihan, jakvnju honin, meng fujiyang, ding fujiyang, yang fujiyang, ere ilan hafan de ilata ihan, ninjute honin buhe,	张洪谟牛四、羊八十；孟副将、丁副将、杨副将三员，各牛三、羊六十，
han hendume, beile gisun gaihakv seme beile be dahame jiqi, beile dain -i gurun de ubaxame geneqi, suwe geli emgi dahame genembiu,	汗曰：“贝勒不从，即随贝勒来，贝勒若叛投敌国，尔等亦随之去乎。
uttu henduqi, geli jiderakv oqi, suweni aja, sargan, deu, juse be emke funqeburakv gemu wambi,	若如此言之，仍不来归，则尔等之母及妻子兄弟，无一留存，尽行诛之。
tere hoihan de, han sunja jeren waha,	此围也，汗殖黄羊五。
ere be julge dain akv taifin -i fonde, sunja yan duin yan de mujanggai gequheri bahambihe,	昔太平时，以银五两四两即可易得蟒缎。
bi gaiqi miningge oho,	我取之，即为我所有。
han -i xajin be jurqehengge,	有违汗之禁约。
inenggi xun biqi, abka na de hengkileme dorolome aqara bihe,	“若是白昼，宜拜天地成礼，
deu darhan baturu beile -i jui sundai gege be bufi, zung bing guwan -i hergen obufi,	以弟达尔汉巴图鲁贝勒之女孙岱格格妻之，授为总兵官，
juwan jakvqi debtelin sure han -i ilaqi aniya juwan biyaqi omxon biyade isinahabi	第十八册天聪三年十月至十一月
xi fujiyang de unggihe bithe,	致石副将书曰：
dalingho -i hafasa jergi wesibufi ejehe buhe doroi ilan jergi niyakvrafi uyun jergi hengkilehe,	大凌河各官以升级赐敕礼，行三跪九叩礼。
ere be suwe absi guribuhe seme ombi,	尔等岂可诡称迁徙耶。”
iui zi jang tai, ma giya hv tai, qen hing pu tai, ere ilan tai be pou sindame gaiha,	以炮攻于子章台、马家湖、陈兴堡三台，克之。
juwan ninggun de, aru -i elqin jihe.	十六日，阿鲁部使臣来朝。
iqe juwe de, be du tang ni zung ting iui be fu ning hiyan de medege gaisu seme takvraha,	初二日，遣白都堂属下人宗廷玉往抚宁县探取消息。
weile bahafi efujehe,	获罪革之。
ukxan nakqu de orin kiyan dambaku, kijimi emu bouse,	乌克善舅舅烟二十刀、海参一包，
sini ahvn be buqehe seme mini gasaha,	“前传尔兄已死，我心恻然。
heqen -i tulergi de, yafahan qouha tumen funqeme sejen kalka pou miyouqan faidafi ilihabi,	时明步兵万余，列车盾枪炮于城外，
kubuhe suwayan -i lii ming be wesibufi beiguwan obuha,	擢镶黄旗李明为备御。
ishunde genggiyeken weile be jai ume kenehunjere,	相互明白之事，无需再疑之也。
fudere doroi han -i boude dosimbufi, juwe honin wafi juwan dere dasafi sarilaha.	以送行礼，召入汗家，杀羊二，列筵十席，宴之。
iqe jakvn de, abatai taiji be weile araha,	初八日，治阿巴泰台吉罪。
asan fujiyang, yangxan, lungsi, emu gvsai bayarai amban emte, emu kirui juwete bayara, karaqin -i dai darhan -i qouha juwe tanggv, sirantu -i qouha emu minggan be unggihe.	遂遣副将阿山、杨善、龙什率每旗护军营大臣一员、每小旗护军二人并喀喇沁部岱达尔汉之兵二百、西兰图之兵一千往击。
urat -i sereng, hara qerik -i g’arma, korqin -i lamashi, mujai, amba sanggarjai, mujang,	乌拉特部塞冷、哈喇车里克部之嘎尔玛，科尔沁部拉玛斯希、穆寨、大桑阿尔斋、穆章等
han de dere tukiyefi yali angga isika manggi, amin beile tehe baqi ilifi aisin -i hvntahan de arki tebufi, han de niyakvrame hvntahan buhe,	设案进肉，请汗先食。贝勒阿敏自座起立，即以金卮酌酒，跪献汗，
emu ihan xangnaha,	赏一牛。
mangsur untuhun nirui janggin,	莽苏尔无官衔而掌牛录章京任；
enduringge han te julgei adali akv,	且今非昔比，
emu inenggi tesure be bairakv, elheken -i gamame ohode, meni gurun -i hvdai niyalma unun fiyana -i bulun de heru hadaha gese isinambi kai,	不求一日之足，从容为之，则我国商贾接踵而至也。
sanggarjai taiji de emu morin de foloho enggemu hadala tohohoi, foloho jebele de beri niru sisihai, emu foloho umiyesun, emu foloho loho,	桑阿尔斋台吉雕鞍辔马一、插有弓箭雕花撒袋、镂花腰带一、镂花腰刀一、
jiderakvqi jeku akv ai jembi,	不来则无粮，以何为食。
durben keuket -i qinuwa de juwe morin, emu temen, bujai de emu morin, dalai buyantu de juwe morin, emu temen, haise baturu, bambuhai de emu morin,	四子部齐努瓦马二、驼一，布塞马一，达赖布颜图马二、驼一，海色巴图鲁、巴木布海各马一；
gulu lamun -i cui iugi be ni gidaha turgun,	正蓝旗崔游击叙功缘由：
ere ukanju be fargame genefi hetu uqarafi bahangge, kamnigan -i gvsin sunja bou, niyalma emu tanggv juwan, morin ilan tanggv sunja,	往追该项逃人后，复路遇而获者：喀木尼干之人三十五家，人一百一十名，马三百有五；
te nekeliyen jaka be tuktan gajiha doroi benerengge,	今备薄物，照初和之礼送往。
gurun -i monggo beise -i sargata, monggo hehesi, tuweri juwari gemu ojin teleri etu,	“国中蒙古诸贝勒之妻及蒙古妇女，冬夏俱服捏褶女朝褂及捏褶女朝衣。
wan halai juwe niyalma be ume wara,	勿杀万姓二人，亦
menggei untuhun nirui janggin,	孟格依无官衔而掌牛录章京任。
juwe gurun doro aqafi ishunde hvda hvdaxarakv oqi, aldangga gese seme be hvdaxaki sehe,	“两国既和好，若不互相贸易，似乎疏远，故有开市之议也。
weile alime gaijarakvqi, ujen weile arambi sehe manggi, abatai taiji hendume,	若不领罪，则必治以重罪也。”台吉阿巴泰曰：
ma fujiyang ni juwe qiyanzung,	马副将下千总二员、
orin uyun de, xuwang xu pu qi jurafi g’au kiyou de deduhe,	二十九日，自双树堡启行，至高桥驻营。
bi te tuqirakv,	今后我不再赴宴。
inenggi oqi sindafi ulebu,	昼则宜牧放，
gurun be gemu baha,	悉获其部众。
wang lama meni juwe nofi ubade turgun be tuwame sume gisureme weile ufararakv,	王喇嘛我二人，据情解释，不致误事。
tere fonde, dergi han, hv bu hergen -i amban be, tun de qiyanliyang bonggime unggifi, quwan be tiyei xan alin de goqifi bisire de,	彼时，皇上遣户部大臣送钱粮至岛，并将所乘船只撤回铁山时。
iqe juwe de, alai darhan, mouminggan -i ukaka be amqame genefi,	初二日，阿赖达尔汉往追茂明安部逃人，
juwan de, aru -i irjam mergen taiji -i elqin genehe,	初十日，阿鲁部伊尔扎木墨尔根台吉之使臣还，
gahaxan hashv ahvn be waha seme, solho gaxan -i xanqin be gaijara de, han genehe bihe,	以兄嘎哈善哈斯胡被杀，随汗往攻朝鲜村寨。
jai ginjeu, sung xan, hing xan, ta xan, ning yuwan de moringga qouha juwete ilata tanggv, yafahan qouha emte juwete minggan bi sere,	再闻，锦州、松山、杏山、塔山、宁远等处，各有马兵二三百、步兵一二千等语。
esei bahafi gajiha hahai ton emu tanggv tofohon, hehe emu tanggv dehi, ajige juse susai nadan, uheri anggalai ton, ilan tanggv juwan juwe,	获男丁一百一十五名、妇女一百四十口、孩童五十七口，共人口三百一十二；
tere inenggi, jarut -i jirgalang taiji, juwan duin guqu be gaifi, emu temen, sunja morin, dorji taiji, juwe morin gajime han de hengkileme jidere doroi gajiha.	是日，扎鲁特部济尔哈朗台吉率从者十四人，携驼一、马五，多尔济台吉携马二，前来朝见。
sini dousi oshon, ere ilan,	尔之贪鄙如此，三也。
wang zi deng jidere fonde boude bithe arafi werihe bihe,	王子登来时，曾具书留家，
boihon -i araha miyou,	活像土庙。
yehe meni juwe gurun weile tuqifi, yehe waka, be uru, daiming wan lii han sidende tondo -i beiderakv,	及我与叶赫构兵，彼曲我直，然明万历帝不以公道评判，
hv bu hafan be dahaha fejergi niyalma ini hv bu de juwan fun -i kenehunjebume, tanggv haqin -i alame,	户部官属下人十分怀疑，屡告其户部曰：
obondoi duka de juwe biya pou sindaha,	鄂本堆攻门，放炮两月之久。
bi neneme urgedeqi, abka urunakv mimbe wakalakini,	我先负约，天必谴我，
orin ilan de, mafuta, loki de emu gvsai emte amban, emu nirui emte niyalma be afabufi, doroi baturu giyvn wang, doroi bayan beile -i qouha be okdofi, liyoha bira be quwan -i doubu seme unggihe.	二十三日，命马富塔、罗奇率每旗大臣一员、每牛录人一名，往辽河备船，以迎多罗武英郡王、多罗饶余贝勒军渡河。
erei alanjiha medege, jang giya keu -i duka de nikan hvda tuqibufi musei emgi hvda hvdaxaha seme alanjiha.	明遣人携货来张家口边门与我贸易等语。
meni muterei teile tafulaha,	我等曾力谏，
iqe duin de, kuwan diyan iui anggai hoton -i xeubei wang sun jang de iugi jafu buhe,	初四日，宽甸峪口城守备王孙章授为游击，给与札付。
babung tusiyetu de yaqin gequheri emke, juwe suje, moqin samsu orin, foloho enggemu emke, uksin emke, umiyesun emke,	赐巴琫土谢图元青蟒缎一、缎二、毛青布二十、雕鞍一、甲一、腰带一，
jai ibefi han de niyakvrafi hengkilefi tebeliyeme aqaha,	复至汗前跪拜抱见之，
usitei safi ilanggeri yordohobi,	吴希特依得知，以矢射三次。
nadan biyade enduringge han genefi, miyou tome ihan honin wame weqembi,	七月，圣汗亲往各庙，刑牛羊致祭；
juwe yendahvn jafunuha ambula ofi, xadafi boude isinjirakv oho manggi,	时二犬与厉鬼斗困，不能随行。
meni gvnin be seuleqi ombidere,	请深思我之意见。
seter, minde juwe sargan bi, gaijarakv seme marara niyalma de, murime ergeleme bume wajifi, sarin gajiha manggi, han be solinjiha bihe,	色特尔辞以已娶二妻，阿敏贝勒强与之。及设宴时，始来请汗。
minggui nirui janggin,	明贵系牛录章京，
ubaqi genere ilan ukanju, qargi qi jihe jakvn niyalma, uheri juwan emu niyalma baha,	获由此遁逃之人三名、由彼前来之人八名。共获十一人，
gurun -i dubede isinafi feksiqi, dahaha niyalma be ume wara,	若至边境纵掠，勿杀降人，
wandan juwe tanggv, maji susai, ajige ayusi dehi, asut emu tanggv jakvnju, yebxu gvsin, dolokan kuriye dehi sunja, baihvndai gvsin,	万丹兵二百、马济兵五十、小阿玉喜兵四十、阿苏特兵一百八十、叶布舒兵三十、多洛坎库列兵四十五、拜珲岱兵三十、
doroi beile, gurun -i gege be uqaraqi, doroi beile jugvn anabume yabu,	多罗贝勒遇固伦格格，多罗贝勒让路而行。
orin nadan morin baha,	获马二十七。
ilden de xangnaha turgun,	赏伊勒登缘由：
furdan, dade iugi bihe,	傅尔丹，原系游击，
wang zi deng, si dade sele urebure be boxoro wei guwan bihe,	“王子登，尔原系监督冶铁之卫官。
tereqi ilduqi beile eigen sargan tuqifi daiqing dukai tule tefi, ini gajiha seke -i hayaha jibqa emke, ojin teleri emu juru, seke -i dahv ninggun, emu temen, juwan nadan morin jafaha bihe,	于是，伊勒都齐贝勒夫妇出，坐于大清门外，献所携貂镶皮袄一、捏褶女朝褂并朝衣一袭、貂皮端罩六、驼一、马十七。
juwan uyun de, han hendume, qouhai niyalma bele wajihabi, abalaki seme abalaha,	十九日，汗曰：“军中粮尽，可以打猎。”遂令行围，
jai liyoudung ni ba, irgen be gaji serengge, suwe dain be qihalafi mimbe jortai jili banjikini seme hendurengge,	又云退还辽东疆土人众等语，是尔仍愿兵戈，有意激怒我。
wesihun sejen de tere gegese oqibe, hafasai sargata oqibe, joriha jergi sejen de terakv, fejergi sejen de tefi niyalma jailabure, ebuhekv seme gisurere oqi, inde amasi weile,	无论乘上等车之格格或官员之妻等，若不乘所适品级之车舆而乘次等车舆，反言人不避不下，则反坐其罪。
han, beise be imbe sain -i tuwahakv,	汗及诸贝勒待之不善，
suweni ere golo golo -i beise -i sain ehe be qouha bederehe manggi gisureki,	至尔各部诸贝勒之善恶，俟班师后再议。
juwan uyun de, aba abalaha,	十九日，行猎，
orin juwe de, gulu suwayan -i qoshi, tarni, gulu xanggiyan -i gurushib, ere ilan taiji de jakvta suje, dehite moqin buhe.	二十二日，赐正黄旗绰斯喜、塔尔尼及正白旗古鲁斯喜布三台吉各缎八、毛青布四十。
abka jing forgoxome hvwangdi be efulefi bai niyalma obuhabi,	时运调转，有皇帝而废为匹夫者，
minggan beile -i ukanju be fargafi jakvnju ilan niyalma, tofohon morin be gemu baha,	又追明安贝勒属下逃人八十三名，马十五匹，尽获之。
iqe jakvn de, sahaliyen beile -i nimeku ujelehe manggi,	初八日，萨哈廉贝勒病亟，
yaya jurgan -i ashan -i amban, bithei yamun -i da, mujilen bahabukv, qouha yabure tuleri yaya baita de takvrara oqi,	各部参政、文馆首领、启心郎，凡出兵或受命外出，
fudeme dahai, kvrqan, sonin genehe bihe,	遣达海、库尔禅、索尼送之去。
tebqiqi mangga be tebqifi bu,	难忍者忍之。
tala de afaqibe, hoton de afaqibe, minde teng sere gvnin bi,	无论野战攻城，我意已定。
emu morin juwan yan menggun xangnaha.	赏马一匹、银十两。”
meni qouha ubade enteheme tefi irgen be ujifi amba weile mutebuki sere be suwe ulhirakv,	我兵永驻此处，意在养民，以成大业。尔等不知此意，
dashvwan galai qouha be gaifi buksiha bade, nikan -i qouha buksiha be sarkv,	彼即率左翼兵设伏，明军不知，
erei terei donjiqi, iqe juwe de uju fusiha sembi,	据传已于初二日剃发等语。
tuttu be dahame bi bodoqi, aqara weile juwan ubu de nadan ubu mangga,	臣故思和事之难，十居其七。
tere fonde, suweni nikan mende dahakv,	彼时，尔明国未曾援我。
tobok dalai eigen sargan de menggun emu tanggv susai yan, hvrha seke -i dahv emke,	托博克达赖夫妇银一百五十两、虎尔哈貂皮端罩一；
juwe tanggv dehi sunja niyalma feye bahabi.	被伤二百四十五人。
han gaihakv bederebuhe.	汗不纳，悉却之。
han, juwe amba beile, bayara pou -i qouha be gaifi, juleri gi jeu -i hoton be tuwanjime jidere de,	汗率两大贝勒、护军及炮兵，往观蓟州城情形时。
tulergi gvwa baqi jihe qouha -i uksin agvra be gemu gaifi, untuhun beye be meni meni boude gene seme sindafi unggihe.	其外来兵，尽收其军器，只身放还原籍。
qihakv be ume bure,	不愿则勿与。
dolo dosifi qouha akv untuhun heqen be gaimbi dere.	唯当深入内地，取其无兵之空城可也。”
juwan juwe uju, dade tongki fuka akv,	十二字头，原无圈点，
akdaqi ojorakv sini arga,	尔之诈不可信，
daqi tenteke jurgan minde aqarakv,	“如此行礼，素不合我意。
tuhere an -i tantambi,	仍照例鞭责。
yaya weile be gisurerakv, qohome emu gungge fe dalaha amban be unggifi, hvturingga munggan de weqembi,	不奏事，特遣勋旧首辅大臣一员往福陵致祭，
suweni orhoda baime jifi famaha ilan niyalma be bahafi, gashvhai ebele jihengge seme ere fonji unggihe,	尔方有三人来我处采参，因其迷路，为我所得，因系盟誓后来此，业已送回。
suweni qouha etehe biqi, membe suwe tere gese ujimbiheu,	尔兵若胜，能如此优养我之人乎。
sinagan -i doroi houxan emu tumen, suhe emu minggan deijime, ihan siname aliyame unggihe.	按丧例往焚纸约一万张、纸锞一千，杀牛祭之。
dehi ninggun morin baha,	获马四十六。
orin de, sain inenggi seme gurun -i efu ejei, gurun -i gungju genere de, enduringge han fudeme morin erinde na -i tukiyehe duka be tuqifi, songko tuqibume juwan ba -i dubede genefi, honin erinde amasi bederehe.	二十日，吉日，固伦额驸额哲依及固伦公主将还，圣汗亲往送行，于午刻出地载门，探路至十里外，未刻还宫。
tere dobori yoto beile, mergen daiqing beile, houge beile, ere ilan beile -i baru gasame hendume,	是夜，汗向岳托、墨尔根戴青及豪格等三贝勒叹曰：
orin uyun de, asan -i deu adahai -i hergen be efulehe turgun,	二十九日，阿山之弟阿达海被革职缘由：
sini unggihe bithe de weile mutehe manggi, abka de juwe xun akv serakv ohode kesi sehebi,	尔书中云，事成之后，不言天无二日，则幸甚也等语。
bai niyalma de emte tanggv susaita yan buhe,	非执事者，各赏银一百五十两；
ishunde sain ishunde ehe,	善恶相交，
urut -i unggadai, mouminggan -i kenjege, ere juwe gajarqi de emte morin buhe,	厄鲁特部翁阿岱、茂明安部肯哲格二向导各马一。
yeqen, yasun, sihan, aituwan, munggan, louhan, samhana, nadan niyalma be i jeu -i heqen be hvlhame tafafi gaiha seme, yeqen iugi be wesibufi canjiyang obuha,	叶臣、雅孙、锡翰、艾团、孟安、劳汉、萨木哈纳七人，以潜登义州城克之，升叶臣游击为参将，
bi jing onqodome gosime ujiqi, minde elemangga hvturi ombi,	我宽以待之，则足以召福耳。
bi, abkai hesei irgen be ergembume, qouha gaifi julesi jihe,	我承天命，欲安生民，兴师前来，
sini bekilehe xanaha, gi jeu be, mini qouha be jobobume ainu afambi,	且夫山海关、蓟州防守坚固，徒劳我师，攻之何为。
dalingho hoton -i tuqike qouha de afafi akvha seme deu othon be beiguwan siraha.	战大凌河城出城之兵时阵亡。以其弟鄂特浑袭备御职。
tere sarin de dalai qvhur jihe bihe,	达赖楚呼尔入此宴。
ineku tere inenggi, tunggatu nirui monggo hotoi, nikan de ukame genefi, duiqi aniya amasi ilan morin gajime ukame jidere de, emu morin jugvn de buqehebi,	是日，佟阿图牛录下蒙古人和托依曾逃往明地，第四年携三马逃回时，途中倒毙一匹，
qen ci’ sin, dade hv bu bihe,	“陈慈新，尔原系户部。
aikabade pi dou, wesihun gurun de gemu emu adali hvda salibuqi, hvdai niyalma we ulame hvdaxanjimbi,	若与皮岛及贵国贸易，其价划一，则商人孰肯转贩耶。
tere tai -i da de sejen kalka faidafi, hvng i pou, amba jiyanggiyvn be, hoton -i julergi dere be sindaha,	遂列车盾于其台下，以红衣炮、大将军炮攻城之南面，
qe de araha gisun,	册文曰：
ere be meni hendure anggala, amba niyalma sini sarkv aibi,	此毋庸我言，大人岂能不知。
aiduri de majan, tunqi, wang ni goqika bayara, beisei guquse be afabufi, qang ping ni sung iugi -i moringga yafahan -i emu kuren -i qouha be gidaha,	命艾都里率马占、屯齐及王之近前护军并诸贝勒下僚属，击败昌平宋游击下马步兵一队。
tere gaxan be youni baha,	尽取之，
enduringge han, gvwa -i weile be gemu waliyaha,	圣汗命免他人之罪，
tere yamji tusiyetu han de emu beri buhe.	是夜，赐土谢图汗弓一。
muse amba gurun be dailafi ai sain jaka bahafi gamambi,	“我等征讨大国，携何美物还，
julergi gvsin ba -i dubede ping xan -i heqen bi sere,	闻此前行三十里有平山城，
qahar gurun youni bisire de, gurun -i efujere arbun be safi, juse sargan be gajime yaya qi neneme ukame jihe seme ilaqi jergi amban janggin obuha,	当察哈尔部尚存时，知其部将败亡之势，携妻孥率先来归，故授为三等昂邦章京，
indahvqi be zun hvwa hoton de afafi buqehe seme beiguwan -i hergen buhe.	音达胡齐，因攻遵化城阵亡，追授备御职。
jai solho -i wang de unggire bithe de, i jeu de meni qouha terengge, mau wen lung be tuwakiyame tembi,	再致朝鲜王书，言我兵之所以驻义州，乃为看守毛文龙耳。
jang qvn hendume,	张春曰：
tantai gvsai xungningga nirui huniu juleri tafaka,	时谭泰旗舒宁阿牛录下胡纽先登。
ping r’ang ni bade yafahan morin -i emu minggan qouha tosofi, kvrqan be kame jidere de, kvrqan ini guqu sebe bargiyame ilibufi, gemu uksin etubufi, tereqi kame jidere qouhai julergi be nukqime tuqifi boui baru jidere de, tere qouha songkoi amqame boxombi,	平壤地方，有马步兵千人来截库尔禅。时库尔禅集众友，命披甲突围而出，其兵蹑踪而追。
yuwan du tang ni qouhai emgi afaha de, monggoso -i afaha burulaha weile be beideme tehede, han, beise -i baru hendume,	会审同袁都堂兵交战时蒙古等败走一案。汗谕诸贝勒曰：
silun ilan, silun -i sijigiyan emke, dobihi juwe, hailun juwan uyun, lekerhi juwe, jai sunja farsi,	猞猁狲皮三，猞猁狲皮袍一，狐皮二，水獭皮十九，海獭皮二又五块，
taijisa hvlhaha oqi, amji eshen de duileme fonji,	诸台吉行窃，审问其伯叔，
tere inenggi, han juwe honin wafi monggoi, minggandari, sereng, g’arma taiji, sanggarjai, ajinda, sanjin, bandi, labashi, ere uyun niyalma be boude dosimbufi sarilaha.	是日，汗杀二羊，召蒙贵、明安达里、色棱、嘎尔玛台吉、桑阿尔斋、阿津达、善津、班第、拉巴斯喜等九人入行幄，宴之。
hvsi juwan ninggun haha -i lou be tuwakiyame, jai emu lou -i nukqike dehi haha be amqahakvbi,	时胡西看守囚男丁十六人之狱，未追越狱男丁四十人。
liyoudung be kadalara bu yuwan -i bithe, han de unggihe.	袁崇焕书曰：“辽东提督部院致书于汗：
hoxotu efu, darhan efu, gusantai efu, kakduri, ere duin amban be unggime henduhe gisun,	遂遣和硕图额驸、达尔汉额驸、顾三泰额驸、喀克都里四大臣传谕曰：
tuttu akvqi, baibi ainu faquhvn gvnin be nakarakv sehe.	否则，彼思乱不已也。”
dadai subargan de deduhe,	宿于达岱塔。
orin nadan de, nikan -i qouha dobori duiqi ging ni dubede axxafi, dalingho -i baru jime tofohon ba -i dubede isinjiha be, karun -i niyalma safi alanjiha manggi,	二十七日，明兵四更末启行，朝大凌河而来，距城十五里时哨卒见之来报。
tere inenggi seter -i elqin, dung daiqing ni elqin, haihv -i elqin isinjiha,	是日，色特尔之使臣、东戴青之使臣、海虎之使臣至。
uju jergi fujiyang de jakvn tanggv orin yan, jai jergi de juwanta yan ekiyeniye,	一等副将赏银八百二十两，次等副将各减十两；
abka meni uru be urulehe,	上天以我为是，
de xeng men dukai teisu iliha qouha, daitung ni zung bing guwan man gui, siuwan fu -i zung bing guwan heu xi lu -i qouha biheni, yargiyalame tuwabufi	遣人查实，集德胜门之兵乃是大同总兵官满桂、宣府总兵官侯世禄兵。
abka jurqerakv,	天道不违，
karaqin -i juwe gvsai morin losa sunja tanggv juwan, eihen juwe minggan sunja tanggv uyunju, ihan emu minggan emu tanggv nadanju, niyalma ilan minggan ilan tanggv, honin emu tanggv,	喀喇沁二旗，马骡五百一十、驴二千五百九十、牛一千一百七十、人三千三百、羊一百，
suweni eme sargan juse be, te ainqi suwembe tun be ejelehe seme dere banime ujimbi kai,	今尔等已占据其岛，因顾情面，收尔老母、妻子养之。
niyalma nadanjuta juru,	各赐人七十对、
be kenehunjeme gvnirakv,	我则无所疑虑。
emu xusai be bahafi, hoton -i ejen douli, qouhai hafasa, geren irgen be daha sere bithe jafabufi unggihe,	获一生员，令持书往谕驻城道员、军官及庶民降。
gulu lamun de goiha fujiyang deng qang qvn de dehi haha, siuwei dai hv de orin haha, canjiyang u liyang fu de tofohon haha, iugi lii i hvng de juwan haha,	分隶正蓝旗副将邓长春名下男丁四十人、薛大湖名下男丁二十人、参将吴良辅名下男丁十五人、游击李一洪名下男丁十人；
majige nekeliyen doro be mujilen arame waliyame unggihe turgunde, ainu tutala jaka be dorolome benjihe,	薄具菲仪，遣人致祭，聊以展忱，何必赠若许礼物。
donjiqi, han, ning yuwan de aqambi sembi,	闻汗于宁远议和，
dalingho -i tai de afanjiha inenggi, bayarai tu be gaifi dosifi ulan de isitala waha,	来攻大凌河台之日，率护军纛进击，追杀至城壕。
dahaha monggo -i beise be faquhvn seme enquleme gvsa obufi yabure be nakabuha,	因归顺之蒙古诸贝勒所行悖乱，不令另编为旗。
sikse kiru sara gamahakv seme jurgan -i niyalma honin gaimbi sembi,	昨因未举旗伞，部人议罚羊。
ineku tere orin jakvn de, pu iugi ini jui sargan be bahakv seme mende aqanjiha bihe,	是日，卜游击以寻觅妻子不得，来见我等。
iqe jakvn de, goloi jeqen -i hoton de tehe geren ambasa be, boljohon -i aniya wajiha seme mukden heqen de isabufi,	初八日，召驻守边城年满之诸臣至盛京城，
giyan qang ni sun xou ye, si dade jung giyvn bihe,	“建昌之孙绍业，尔原系中军。
iqe juwe de, taizu -i foni fe gungge amban eidu baturu -i jui turgei, uju jergi iugi be wesibufi, ilaqi jergi zung bing guwan obufi, gvsa de ejen sindaha,	初二日，以太祖时旧功臣额亦都巴图鲁之子、一等游击图尔格依为三等总兵官，并授为固山额真；
iqi, emte ihan be gajinju,	若有，则各携一牛前来，
juwan nadan de, han, degelei taiji -i ajige jui akv oho seme aqaname genefi amasi jidere de, helen jafame genehe urse, ilan nikan bahafi gajiha,	十七日，汗以台吉德格类幼子伤，亲往慰之。返还时遇前往捉生人等获汉人三名解至，
iqe ilan de, solho -i i jeu de neneme hvdaxaha eden -i jalin de, orhoda benehe mafuta, muhu isinjiha.	初三日，因前次贸易亏欠，往朝鲜义州送人参之马富塔、穆呼还。
amasi jidere de, alin de xanqilaha monggo de juleri dosika,	引军还时，率先进击蒙古山寨，
julgei kouli be tuwaqi, fejergi weile dele hafuname ohode, abkai fejergi taifin ojorakvngge akv, fejergi weile dalibufi dele hafunarakv ohode, abkai fejergi faquhvrarakvngge akv sehebi,	古语云，下情上达，天下罔不治；下情上壅，天下罔不乱。
jai emu jergi sirambi.	准袭一次。
tere inenggi, han, juse -i jakade giyaribuha bade genere de, sara kiru gamahakv seme,	是日，汗往诸子避痘所，未举旗伞，故
uhereme ilan tanggv gvsin jakvn haha be bahafi waha,	斩男丁三百三十八人。
ume firgembure,	勿令泄密。
uju de bayan nirui namida tafaka,	巴彦牛录下纳米达先登，
orin ilan de, han, yamun de tuqifi, beise ambasa geren irgen be isabufi hvlaha gisun,	二十三日，汗御殿，集诸贝勒大臣众民等宣谕曰：
iqe de, uju jergi fujiyang jang k’o mu, zu k’o fa, zu je r’un, zu je hvng, cou gung qeng, liu tiyan lu, jang cun r’in,	初一日，赏一等副将张洪谟、祖可法、祖泽润、祖泽洪、曹恭诚、刘天禄、张存仁等
han -i bithe, joriktu, dai darhan, sirantu, xamba de unggihe,	“汗致书卓里克图、岱达尔汉、西兰图、沙木巴等人：
foloho enggemu emke, tuktuma uksin emke, hilteri uksin emke, xi qing latubuha tampin emke, fa lan latubuha tampin emke, xi qing latubuha hvntahan taili emu juru,	雕鞍一、暗甲一、明甲一、贴石青壶一、贴珐琅壶一、贴石青盅碟一套、
doro aqafi taifin banjire be buyeme unenggi mujilen -i takvraha,	我愿和好，共享太平。是以诚心遣使，
utala tuwa de fuqihiyalabuqibe murime tafafi gaihangge, musei gurun de tuqike uju jergi baturu kai,	“数次冒火，奋力登城取之，乃我国第一等勇士也。
gemu sain -i yabuha seme jabuha,	行间俱无恙。”
bai dere dasafi tubihe saikv sindafi, han de tung fuma geren hafasa halanjame arki jafame omibufi, han inu majige omiha,	仅设席陈有果物酒肴。佟驸马及众官轮番向汗进酒，汗亦稍饮之。
orin uyun de, birai ergide genehe qouhai mejige alanjiha,	二十九日，来报前往黄河一带之军情，
orin juwe de, guyeng hoxouqi genehe, ede kunesun emu honin buhe.	二十二日，古英和硕齐还，赐一羊用作行粮。
susai hehe, orin morin, juwan jakvn ihan, usan -i morin be hahafi gajiha seme, jai jergi jalan -i janggin be uju jergi jalan -i janggin obuha,	获妇女五十口、马二十、牛十八，并得兀山之马以归。因擢二等甲喇章京为一等甲喇章京，
tere inenggi, abalara emu nirui juwanta yafahan, bele unure sunjata niyalma, emu niru de emte janggin, emu jalan de emte amban, emu gvsa de emte fujiyang,	是日，每牛录步兵十人、背米人五、章京一员，每甲喇大臣一员，每旗副将一员
amba qouha gidaha doroi tu sisifi buren burdeme han, beise, qouhai ambasa, abka de ilan jergi niyakvrafi uyun jergi hengkilehe,	遂以大捷竖纛鸣螺，汗率诸贝勒及领兵大臣拜天，行三跪九叩礼。
ama han -i bisire fonde, ubai be sain sembihe,	“乌拜之贤，父汗在日，曾蒙嘉奖，
karaqin -i sereng taiji -i jui gumushi taiji, tumet jaisang taiji -i jui guru taiji,	喀喇沁部色棱台吉之子古木斯喜台吉、土默特部斋桑台吉之子古鲁台吉，
sunja giyansi be waha,	乃杀其五人，
tere inenggi, kvrqan baksi, dayaqi tabunang, muqengge, siuwan fu -i xen du tang, dung zung bing guwan de sung lii benjihe karu seme, han -i juwe morin benehe bihe,	是日，先是，汗备马二匹，遣库尔禅巴克什、达雅齐塔布囊及穆成格回赠宣府沈都堂、董总兵官，以答谢其送礼之情。
mini baru sain seme nikan han jafafi, liyoudung ni heqen -i lou de horiha bihe,	因与我通好，为明帝监禁于辽东城。
doroi jurgan -i ambasa, meni meni gvsai usin weilehe weilehekv be, jeku bisire akv be baiqa,	“详查各旗所属之人孰能耕种孰不能耕种，孰有粮孰无粮。
ninggun niyalma jakvn morin be bahafi gajiha,	俘六人，获马八解至。
elqin yabure emu udu niyalma be waha seme mangga ombiu,	即杀一二使者，可谓之强者乎，
uheri emu minggan emu tanggv dehi ninggun,	共一千一百四十六；
iqe de, aru -i sonom taiji de, emu gequheri goksi, foloho umiyesun de loho hvwaitahai, foloho jebele de beri niru sisihai, irjam taiji de, emu haksan suje -i sijigiyan buhe.	初一日，赐阿鲁部索诺木台吉蟒缎无披肩披领一、系腰刀镂花腰带、插有弓矢雕花撒袋，赐伊尔扎木台吉金黄缎袍一。
ishun aniya niyaneiha tuqire onggolo, qahar de qouha fideme tuqimbi,	明年返青前调兵往征察哈尔。
gulu fulgiyan -i arantai, budan, kubuhe lamun -i buxuku, hairai, esede han -i henduhe gisun,	正红旗下阿兰泰、布丹，镶蓝旗下布舒库、海赖等曰：
han g’auzu tai sahafi han sin de aqame saisa be baihai abkai fejergi be bahabi,	汉高祖筑台遇韩信，求贤而得天下。
tere gurun be da ejen de buhe,	人归原主。
musei qouha jihe be saha,	彼等已获悉我军出征，
dalahai -i jui emu morin jafaha bihe,	达拉海之子进马一，
daqi uksin akvngge be ume dabure seme henduhe.	原无披甲者，不计入数内。”
doroi beile -i duka de, doroi beile -i jui gege, gvsai gege -i dahara hehesi ume ebure,	至多罗贝勒府门，多罗贝勒之女格格、固山格格之随侍妇人无须下马，
ere gese babe saqi tafula,	凡此种种，一经闻知，即当直谏。
qahar han be goro boxoho,	言我逐察哈尔汗远遁，
lu geu kiyou -i yafahan qouha be gulu xanggiyan, kubuhe xanggiyan, gulu lamun aqan gidaha,	正白、镶白、正蓝三旗，合攻卢沟桥步兵，击败之。
haha juwe tanggv gvsin uyun, hehe juse ilan tanggv gvsin uyun, morin gvsin duin, losa uyun, eihen juwan duin, ihan juwan duin bihe,	携有男丁二百三十九名、妇孺三百三十九口、马三十四、骡九、驴十四、牛十四。
jihe bithe de emu gin orhoda de orin yan salibumbi sehebi,	尔来书云，人参一斤值银二十两等语，
julgei henduhengge, anahvn de tusa, jalu de ebderembi sehebi,	古云：“谦受益，满招损。”
han morilafi fudehe,	汗乘马送之。
yungxun, liyang hiyang ni qargi yafahan qouha be aliha qouha -i emgi gidaha,	永顺复与阿礼哈超哈败良乡一带敌步兵。
te bi simbe amqataqi si ojorakv ofi, jai si wesihun yabuqi ojorakv wasihvn yabuqi ojorakv ohode, si geli mimbe amqataha seme bi geli ombiu,	今我听命于尔，然尔不肯，设尔进退维谷，听命于我，我岂肯乎。
guwefi gung gebu gaifi bisirengge emke biu,	此外曾有一建立功名者乎。
g’abqu lama de suje emke, haqingga boso juwan, foloho enggemu emke, qai emu tanggv bouse,	嘎布楚喇嘛缎一、各色布十、雕鞍一、茶一百包；
bi liyoudung be baha manggi, wesibufi beiguwan -i hergen buhe,	我取辽东后，即举而授以备御职。
tuttu aqaqi gurun bayan bou wesihun oqi, tere jirgaqun eheu,	和议若成，则国富家昌，共享安乐，岂不美哉。
niru boxoro be nakabuha,	解牛录任。
zu be hoton waliyafi jiu,	祖弃城而来，
giuhoto nirui hontoho janggin,	觉霍托系半个牛录章京，
han, geren wang sa, gemu hvturingga mergen dolo genggiyen niyalma kai,	谅汗及众王皆为福智贤明之人也。
ebxeqi weile be hafumburakv, buya aisi be tuwaqi, amba weile be muteburakv sehe be donjihakvn,	论语载：欲速则不达，见小利则大事不成。未曾闻之乎。
dedun tome honin wafi ulebu,	“每宿杀羊而食，
geli hendume, dain be nakafi nendehe amaga weile be getuken gisureki sehebi,	又云：停息干戈，辨明前后诸事。
tereqi enduringge han suwayan qaqari qaha bade jifi sourin de tehe manggi, qouha genehe hoxoi mergen qin wang, hoxoi erke qin wang, doroi beile se, gvsai beise se, geren ambasa be gaifi faidafi iliha manggi,	于是，圣汗入黄幄升座，出征和硕睿亲王、和硕豫亲王及多罗贝勒、固山贝子率诸大臣排班。
meni meni samsime ukafi baire songko akv,	各自逃散，无迹可寻。
babuhai, emgi genehe abai age be aliyahakv ebxeme juleri genefi, weqeme gamara ihan, an -i waliyara uyun -i inenggi be aliyahakv,	巴布海不俟同往之阿拜阿哥，急遽前行，不俟备祭祀所用之牛，亦不俟初九日祭期，
ere gebu be hvlarakv, da gebu be hvlaha de weile.	嗣后，若不称呼此名，仍称呼原名，则罪之。
juwan ilan de gabsihiyan qouhai amban xongkoro baturu, ubai, sudala, omoktu, buyan, oxo, nusan, siteku se,	十三日，遣前锋将领硕翁科罗巴图鲁、乌拜、苏达喇、鄂莫克图、布彦、鄂硕、努山、席特库等，
gvwa bade akv bidere,	他处无有也。
xajin be jurqeme gvsa tu qi fakqafi faquhvn yabuha seme, gendur, haise, jaisang, temurjin -i yaluha morin be enggemu hadala tohohoi gaiha,	因违禁擅离旗纛乱行，遂夺根杜尔、海色、斋桑、特木尔金等所乘鞍马，
kubuhe xanggiyan de goiha fujiyang jang hvng mo de susai haha, lii yvn de dehi haha, canjiyang han dung de tofohon haha, iugi liu liyang qen de juwan haha,	分隶镶白旗副将张洪谟名下男丁五十人、李云名下男丁四十人、参将韩栋名下男丁十五人、游击刘良臣名下男丁十人；
suweni qouha be hoton -i hanqi ume unggire,	勿令尔兵逼近城池，
jilgan tuqike niyalma be fafun -i songkoi tantambi,	喧哗者，依法鞭责。
turgei uju jergi zung bing guwan be, hoton de bata be hanqi halbuhakv afaha, hoton qi tuqifi nikan -i qouha be inu wahabi,	“图尔格依一等总兵官，御敌不令靠近城下，又出城攻杀明兵，
wang beile sede jergi bodome foloho enggemu hadala, uksin saqa, aisin menggun -i tetun, alha gequheri ambula xangnaha.	照诸王、贝勒品极，厚赏雕鞍辔、盔甲、金银器皿、闪缎、蟒缎有差。
tere inenggi, kubuhe suwayan -i qilin de tehe hvsimu iugi be emu beiguwan efulehe,	是日，镶黄旗驻铁岭游击胡希木革一备御职。
dade minde sain banjiha bihe,	“初与我和睦，
abkai buhe dahaha irgen be waha turgunde kenehunjembi,	因尔等屠戮天赐之降民，故疑耳。”
tere inenggi, giya lang jung, fan xusai de yalu seme emte losa, xurdeme dahaha irgen de takvrara niyalma de yalubufi takvra seme juwe losa buhe,	是日，赏贾郎中、范生员各骡一，以资乘骑。又赏附近降民及差役骡二，以备差遣时乘骑。
tereqi geteqi tolgin,	及醒，乃梦也。
qouha be gajime mutere gese oqi, qouha be gajime jiu,	若能携军而来，即携之来；
sekei hayaha jibqa emte, sekei dahv emte, sekei sijigiyan jibqa emte,	貂镶皮袄一，貂皮端罩一，貂皮袍一，
gvnadai ilaqi jergi meiren -i janggin,	古纳岱系三等梅勒章京，
fusihvn gurun -i mutere ba waka ofi, tuttu amasi julesi hebdeme toktobufi, wesihun gurun alime gaiha,	非敝国所能办，是以往复商定，蒙贵国收纳，
canjiyang iugi de houxan jakvn tanggv, honin emke, arki juwe malu bumbi,	参将、游击赐纸八百张、羊一只、酒二瓶，
jidere de jugvn de musei ukaka ilan ukanju be bahafi gajiha.	途中复获我国逃人三解至。
ba bade afaha sain seme wesibuhe.	转战各地，骁勇善战，是以擢升。
silun uyun, tasha sukv duin, hailun dehi jakvn, niuhe sukv juwe, dobihi duin, ulhu -i iqu ilan, ulhu sunja tanggv ninju ninggun, solohi iqu juwe, solohi emu tanggv jakvnju nadan,	猞猁狲皮九、虎皮四、水獭皮四十八、狼皮二、狐皮四、灰鼠皮筒子三、灰鼠皮五百六十三、黄鼠狼皮筒子二、黄鼠狼皮一百八十七、
musei gurun ehe kiyangdu mujilen be ainu nakarakv,	“我国之人，其邪恶之念何以不休。
xajin be jurqeme morin ihan eihen losa be meteqi weqeqi, yengsi sarin de waqi, buqehe niyalma de sindaqi, wafi unqaqi, aha juxen gerqilehe de, gerqi be hokobumbi,	若有违禁宰杀者，被奴仆首告，则准首告者离主，
manggvltai beile yamji ilaqi hoihan sindafi abalame jidere de, gurgu de feksifi tuheke, meiren nimehe,	日暮，第三次放围逐兽时，莽古尔泰坠马伤肩。
te jamaraha de, tere baksan -i ejen de tuhere an -i weile, jamaraha niyalma be tantambi,	今若喧哗，坐该管队额真以应得之罪，其喧哗者杖。
buyantu be dade mou mergen be ajigen seme nirui ejen beiguwan bihe,	以茂墨尔根年幼，由布颜图暂代牛录额真备御。
tere dailara de amin beile, jirgalang taiji, ajige taiji, dudu taiji, yoto taiji, xoto taiji, jakvn amban geren qouha be unggihe bihe,	时遣贝勒阿敏、台吉济尔哈朗、台吉阿济格、台吉杜度、台吉岳托、台吉硕托及八大臣率众兵前往。
dayan ubasi de tuktuma uksin saqa emke, foloho umiyesun emke, menggun -i qara emke buhe.	赐达彦乌巴希暗叶盔甲一、刻花腰带一、银酒海一。
genxu minde alaha,	根舒复告于我。
han, ing de jifi manggvltai beile be toume,	汗还营后，詈莽古尔泰曰：
ubalai de suje emke, moqin samsu jakvn,	吴巴喇缎一、毛青布八；
simiyan -i heqen -i jakade okdofi, tangse de hengkileqi tetendere, han aikabade ojorakv marame okdoqi, aqara bade han tehe sourin qi ume axxara,	但出迎于沈阳城附近，拜堂子即可。汗若不允，坚意出迎，则相见时，汗宜端坐，
jihe bithe de fusihvn gurun be sain ulin be hairambi seme kenehunjere arbun bi,	来书似疑敝国吝惜上等货物，
beile isinjifi, sini saha gaxan be si gaisu seme juwe tanggv qouha be adabufi unggihe,	阿济格贝勒既至，即命彼领兵二百往攻所见之屯，
inde dasame fonjiqi, bou bayan mujangga ofi, aliha amban tanggvdai, sele, lii yan geng, zu je hvng, boigon -i jurgan -i aliha amban inggvldai,	复讯于彼，实系家富。缘是，经承政汤古岱、色勒、李延庚、祖泽洪及户部承政英古尔岱
musei gisurehe gisun, solho meni ubade xusihiyeme jiqi, be jafafi benere, meni uba -i niyalma suweni tubade xusihiyeme geneqi, suwe jafafi benjire sehe bihe,	我等曾相约，朝鲜人若来我地离间，我执而解往；我地之人往尔处离间，尔等执而解至。
solho han -i deu de buhengge,	赏朝鲜国王之弟，
muhaliyan tuherengge bono -i gese, gabtara sirdan aga labsan -i gese,	弹如雹下，矢如雨落。
erei ilan elqin de suje ilan, moqin samsu dehi sunja, dambagu tofohon kiyan buhe,	又赐其使臣三人缎三、毛青布四十五及烟叶十五刀。
uyunju morin baha,	获马九十。
han -i hesei dorolon -i jurgan -i beile hendume,	“礼部贝勒奉汗命谕曰：
ineku tere inenggi, tataha baqi aldangga han, amba beile, geren beise isafi,	是日，汗与大贝勒及诸贝勒集于离宿营地稍远处，
duleke aniya wang zi deng ni jihengge, gvwa -i jalin waka,	去岁王子登前来，非为他事。
dutang ni bithe, iqe duin de liu fujiyang de wasimbuha,	初四日，都堂降书刘副将曰：
dalingho de neneme dosika mudan de, dosifi emu niyalma be gabtame waha,	于大凌河之役，首次进攻时，射毙一人。
tere inenggi, naiman -i hvng baturu, han de aqame juwe kukuri arki gajime jihe,	是日，奈曼部洪巴图鲁携酒二背壶来见汗，
han el juwang ni juwe kuren -i yafahan -i qouha de bayara be gaifi gidaha,	率护军击败汉儿庄两队步兵。
han -i meye korqin -i manjusiri taiji, konggor beile -i jui badun taiji, qeni harangga qouha be gaifi qahar gurun be suqufi, baha olji be gajime orin juwe de han -i qouha de aqanjiha,	汗之妹夫科尔沁台吉满珠习礼、贝勒孔果尔之子台吉巴敦率兵掠察哈尔，
abka na -i sidende biqi ombiu,	岂可容于天地间乎。
ede ejen gulu suwayan -i kasan, kubuhe suwayan -i suldei, gulu fulgiyan -i buyan,	命正黄旗喀山、镶黄旗苏勒德依、正红旗布彦、
te julgei kouli be tuwaqi, dergi qi hendure fejergi qi jabure be gemu enqu enqu ilgahabi,	今阅古制，凡上言下对，各有分别。
tereqi amasi bedereme jidere de, nikan geli tuqifi dahalame jidere be, ajige taiji -i qouha, ing ni qouha amala dahanduhai isinjiha,	我军还营时，明兵复出，尾随而来。阿济格台吉兵及营兵随即至。
meni gurun oilo uttu gisurefi, yargiyan -i hvsun waqihiyame hvda neirakv oqi, abka sakini,	倘我国外为此言而实不尽力开市者，天将鉴之。
enduringge han aikabade geren -i angga de kenehunjeme geren gemu uttu gisurembi, jang cun xin emhun ainahai tuttu ni sehede, geren gemu waka, bi emhun uru ojoro doro biu,	若圣汗因众口而致疑曰：举国皆如此，而张存仁独如彼，岂有众人皆非而张存仁独是之理等语。
jo jeu -i ilan tanggv qouha tuqifi beki qouhai orho mou ganaha niyalma be boxome gajire be uqarafi, hoton de niketele gidaha,	时涿州三百兵追击我博奇超哈樵采者，遇之，即掩杀至城下，
mini ere takvraha de, hvwangdi inu dahvn dahvn -i ambula gvni,	我既遗书往，皇帝宜三思之，
jai dain -i agvra sideri qi wesihun gemu bithe ara,	至军械，自马绊以上俱书字号。
gege niyakvrame alime gaiha,	格格跪而受之。
jai hergengge niyalma de beiguwan -i bodome, emu beiguwan de emte niyalma bu,	再，有职者，每一备御赏一人。
kiru, sara, dahara niyalma nakaha.	均不许用旗、伞及随从人役。
suwe hoqikosaka bisire de, baibi uttu neqime yabumbi,	尔平白无故，如此来犯。
julgei aqaha efujehe ishunde geudenubuhe be feteme gvnime minde ume kenehunjere,	勿以古昔修和弃好、相互匡骗之事为鉴，因而致疑于我。
juwe niyalma sirdan de goifi buqehe,	二人中箭死。
bi urunakv aqaha doro be hairame abka be gingguleme akvmbume banjimbi,	我必珍惜和好之道，敬天求终，
sure han -i jai aniya aniya biyade isinjiha bithe,	天聪二年正月接来书，
lama, maktu, malhvna, sabitu, alaha, inggo hoto bayan aqan, sira kitat, lolo, karun -i mujan, qidahai, murtai, qoboi, ouda, seniuke, fangkala, jamju hontoho,	拉玛、玛克图、玛勒虎纳、萨毕图、阿拉哈、英果霍托与巴彦合为一备御、锡拉奇塔特、罗洛、哨探穆占、齐达海、穆尔泰、绰贝、敖德、色牛克、方喀拉、扎木珠半备御、
suweni baha ulha be duin gvsa dendefi asara, ulin be ubade benju.	至于尔等所获牲畜，分四旗收养，所得财帛送至于此。”
te juwe gurun ishunde sujandufi umai dube akv bisire anggala, ishunde hvwaliyafi uhei teyendere arga be ainu gvnirakv,	今两国与其互为抗御，遥无终期，何不思共谋和好、共享太平之策。
gosingga erdemungge niyalma seqi ombikai,	“可谓人德者也。”
sejen emke, tondo fesin -i suwayan sara juwe, xun dalikv juwe, morin yalure menggun de aisin ijuha mulan emke, menggun de aisin ijuha ise emke, bethe fehurengge emke,	车一、直柄黄伞二、扇二、镀金银马机一、镀金银椅一、足凳一、
tuttu qe hvlame wajiha manggi, hvlaha bithei hafan qe bithe be tukiyeme jafafi hehe hafan de alibume buhe,	读毕册文，该文官举册文授与女官，
uheri be baiqara yamun -i ashan -i amban,	都察院参政，
doroi giyvn wang ni emte da fujin -i mahala -i jingse, amba sifikv, xerin, monggolikv de nadata tana sindambi,	多罗郡王嫡福晋各一人，其帽顶、大簪、金佛头、项圈上各嵌东珠七，
yung ping de tehe amin beile be eteme ainu tafulahakv seme weile arafi hergen efulehe,	为何不力劝驻永平之阿敏贝勒。”论罪，
kouli ejere bithei yamun -i hife, garin, narhvn bithei yamun -i loxo be takvrame, sahaliyen beile -i baru hendume,	乃遣弘文院希福、刚林及秘书院罗硕往谕萨哈廉贝勒曰：
hoxoi gege oqi, doroi fujin -i jergi de etu,	和硕格格冠服规制与多罗福晋同，
orin emu de, genere doroi buhengge,	二十一日，以辞行礼，赐
han, emu ehe morin deji gaifi, ujulaha ambasa de emte sain morin xangnaha,	汗只取劣马一匹，为首大臣各赐良马一匹。
orin jakvn de, amba mama, ajige mama de han -i unggihengge, seke mabala emte, orita kiyan dambagu, emte bouse kijimi,	二十八日，汗转赐大祖母、小祖母各貂皮帽一、烟二十刀、海参一包，
baha morin aika jaka be babutai age de werifi, nadan niyalma be gaifi medege alame, simiyan de juwan duin de isinjiha,	所获马匹诸物，留与巴布泰阿哥，率七人往沈阳报信。十四日，抵沈阳。
qihanggai jolirengge biqi, jihe gvnin be selgiyeme alaki,	若有愿赎者，当宣以来意，
horon -i gelebuqi minde ala seme henduhe manggi, gemu mujangga seme uju gehexeme alime gaiha,	若有恃威恐吓者，则告知于我。谕毕，众称甚是，点头受命，
kubuhe xanggiyan -i gabsihiyan qouha be ubai gaifi, gi jeu -i jugvn de zu -i monggo -i emu minggan qouha dobori aqafi yarume, turgei, suna efu de isibufi emgi gidaha,	乌拜率镶白旗先锋兵，往蓟州途中夜遇祖部蒙古兵一千，诱至图尔格依、苏纳额驸处，合兵击败之。
ere uheri juwan uyun morin ninggun losa bi,	两次共获马十九、骡六。
orin ilan de, holdo gebungge bade deduhe,	二十三日，驻跸霍勒多地方。
meni ere juwan ninggun gurun -i dehi uyun beise inenggi boljofi, jorgon biyade han -i mukden heqen de isanjifi, dorgi beise -i baru uhe hebexefi, han de gisun wesimbume,	等十六部四十九贝勒，约于十二月齐集于汗之盛京城，与在内诸贝勒共议，同奏汗曰，
tere inenggi, hergengge ambasa be meni meni dain de afaha yabuha be gung feteme bithe ara seme arabufi,	是日，命有职大臣等各具战功上奏。
aldasilame dosifi uthai tuqiqi tusa akv,	不入，就此班师为善。若半途而还，无益也。
jai emu qouhai niyalma be bahafi, aita be sanggarjai be dahame jiu sere bithe jafabufi, tese de gamafi bu, weile muteqi hergen bure seme hendufi unggihe,	又获一明兵，令持书往谕爱塔、桑阿尔斋来降。将行，谕之曰：“事若成，则授以职。”
sohon honin aniya qouha jifi mini warkasi golo be waha,	己未年，朝鲜出兵扰害我瓦尔喀什路，
solho -i elqin jihe hafan aqame sunja jergi niyakvrafi sunja jergi hengkilehe,	朝鲜使臣拜见，行五跪五叩礼。
aikabade niyalma ama eme -i endebuku be alara de, jui oho niyalma saixame donjimbime geli algimburengge be, wesihun gurun tere be ai jergi niyalma sembi,	倘有人告其父母之过，为子者喜闻而张扬之，则贵国谓彼为何等人耶。
muse juwe gurun -i doro be suwe gisureme aqabuqi ombikai.	我两国之好，唯尔等说合可也。”
samsika gvsa, qou zung bing guwan -i unqehen -i qouha juwe tai de xanqilaha be ujulame gidaha,	时明巢总兵官军数队分驻山上二台，萨木什喀旗倡先进击，败之，
duin jeqen -i tulergi de urunakv hanqiki gurun bi,	四境之外必有邻邦交则为友，
han, sayang, dayang de emu honin wafi sarilaha, arki omibuha.	汗杀羊一，宴萨扬、达扬等饮酒。
sun dureng de unggihengge, tuktuma uksin galaktun saqa de aisin ijume juwe, suje juwe,	转赐孙杜棱镀金暗细叶甲亮袖盔二、缎二、
sonin, ajuhv hengkilehekv ilihakv ojoro jakade,	索尼及阿珠虎不拜，亦不起立。
esei emgi qouhar be amasi takvrafi unggihe,	时遣朝哈尔与彼等同还。
heqen tuwakiyame abatai taiji, dudu taiji, yangguri zung bing guwan, ilden fujiyang, fuma zung bing guwan tung yang sing,	命阿巴泰台吉、杜度台吉、杨古利总兵官、伊勒登副将及驸马总兵官佟养性等
nenehe bithede ere gvnin bifi, getuken -i jabuhakv,	前书中已有此意，因未敢明答，
ineku tere inenggi, gulu suwayan -i bayara be gabtara yamun de isabufi,	是日，命正黄旗护军集于箭亭，
furdan iugi be, hoton qi tuqire de, jalan -i niyalma be bargiyafi gajihakv seme tuhere an -i weile xang gaiha.	“傅尔丹游击，出城时，不收集本甲喇人以归。”坐应得之罪，追夺赐物。
han -i henduhe gisun be ejefi alanara dabala,	“谨记汗谕，以转告之，
ibai nirui hvsibu be sirame tafaka seme, menggun -i hvntahan de arki tebufi, han -i tantai hiya buhe,	伊拜牛录下胡希布，第二登城，以银盅斟酒，由御前侍卫谭泰赐之，
karun de yabuqi sain seme wesibuhe.	因其于哨所行走骁勇，是以擢升。
jai yaya ambasa hafasa boude bisire de, suwe aiseme gvnimbihe,	再者，凡大臣官员等素日居家时作何感想，
jai heqen sahara jalin hendure bithe ere inu,	至此书所言，专为修城事，
gulu suwayan -i ningguta be guwebuhe turgun,	正黄旗宁古塔免赏缘由：
kesi erdemu tumen bade isinafi, gurun elhe irgen taifin, ehe faquhvn akv ohobi,	恩被万方，国泰民安，终治其乱也。
iqe uyun de, manggvltai beile de nakabure doroi waliyaha,	初九日，初祭莽古尔泰贝勒，
hafan -i beyebe dabume emu tanggv uyun niyalma, nadanju juwe morin jihebi,	官员在内，共来一百零九人，马七十二。
tuttu ofi meni geren be tafula seme unggihe,	故令我等前来劝慰。
tere inenggi, xen ho -i xusai -i jui, juxen de bisire be meng fujiyang takafi, g’au fujiyang de benjifi, g’au fujiyang han de bithe arafi,	是日，生员沈和义之子在诸申地方，孟副将识之，乃送交高副将。高副将奏书于汗曰：
obondoi duka de juwe biya pou sindaha,	攻鄂本堆门，发炮两月之久。
orin sunja de, sahaliyen taiji qouha gaifi julergi mederi jakarame g’au xi lang be baime, dahahakv babe tabqilame genehe.	二十五日，台吉萨哈廉率兵沿南海岸寻觅高侍郎，并掠未降地方。
doro aqame wajiha manggi, juwe gurun ishunde sain banjire doroi aniyadari suwe aisin emu tumen yan, menggun juwan tumen yan, suje juwan tumen, moqin samsu gvsin tumen benju,	既和之后，两国以相好之礼，每岁尔国送我金一万两、银十万两、缎十万匹及毛青细蓝布三十万匹，
deng qang qvn si dade qiyan tun wei -i fujiyang bihe,	邓常春，原为前屯卫副将，
han de niyakvrame aqaha,	跪见汗，
karu bithe arafi meni qouha bederefi yung ping de tere, suweni han -i bithe elqin jihede, yung ping de unggi seme,	我致答书云：我军且退驻永平，尔帝信使若来，可遣往永平。
orin sunja de, yung ping wei -i jang yen j’i hvi qen jing hvwa, lu lung wei -i jang yen j’i hvi wang qing i, dung hing zo wei -i jang yen j’i hvi qen yan mei, ere ilan niyalma, dade j’i hvi hergen bihe,	二十五日，永平卫掌印指挥陈景华、卢龙卫掌印指挥王庆义、东兴左卫掌印指挥陈延美等，此三人原系指挥，
dalingho hoton -i duka fihebuhe inenggi, girdan tu be aidari age gaifi dosika de, juleri dosifi juwe niyalma waha,	堵塞大凌河城门时，爱达里阿哥率火焰纛进击，纛斯哈倡先击敌，杀二人。
han, huhu hoton de tefi aliyambi seme takvrafi unggihe.	汗驻归化城以待。”谕毕遣之。
mengzi bithede henduhengge, inu gosin jurgan biqi wajiha kai, urunakv madangga be hendufi ainambi sehebi,	孟子曰：“亦有仁义而已矣，何必日利。”
bi daqi bithe de hendufi unggihe bihe, ereqi amasi ambasa be takvraqi ojorakv,	我前曾致书告知，嗣后再不可差大臣等来。
ahaliyan ilaqi jergi meiren -i janggin,	阿哈廉系三等梅勒章京，
emu canjiyang, emu iugi, ilan dusi’ be jafaha,	生擒参将一人、游击一人、都司三人，
tere sarin de emu gvsai juwanta dere, sunjata niungniyaha,	是宴，每旗各设席十桌、鹅五；
simbe halburengge, boui aha hengkilerakv, kesi buqi jeterakv, furudame gisureqi ojorakv hengkileme jihengge,	我等家奴见尔不拜，不食尔食，言词严厉，而尔置此于不顾，决意来朝，
tere inenggi, qahar qi emu monggo emu morin yalufi ukame jihe,	是日，有一蒙古人乘一马由察哈尔来归，
qouha iliha qi morin udara, qouhai agvra dasaha kiqebe,	自兴兵以来，凡购买马匹、修治军械，竭力勉为。
tere qouha gidaha de, han, mimbe labdu saixafi xangnaha,	此次击败敌兵，汗甚嘉许，从厚赏责。
jihe gurun be gosime xang, bou burengge, amba gosin kai,	悉加优赏，给以房屋，仁之至也。
genehe elqin be heqen de dosimbuhakv,	仍不令使臣入城。
beise -i beyebe meni meni gvsai beise be dahame yabu,	令其诸贝勒随各旗贝勒行走，
iugi hendume, suwe mende akdarakv oqi, sini emu guqu be unggi,	游击曰：“尔等若不信我言，可遣尔一人同往，
gumu de moqin samsu juwan,	古木毛青布十；
tere afaha de, qouhai niyalma ambula buqehe,	是役也，士卒阵亡甚众。
heqen -i dorgi qouha zu zung bing guwan gaifi tuqifi julergi tai de afanjiha bihe,	城内之祖总兵官即率兵出城来攻南台。
aisin gurun -i jaqin beile, dahaha irgen de hendurengge,	“金国二贝勒示谕众降民。
ese be genggiyen han, juse de juxen salibume bure de, amba beile de buhe bihe,	英明汗赐诸申与诸子时，将伊等分给大贝勒。
juwan ninggun de, han ini goqika bayara, erke qvhur -i goqika bayara, emu gvsai ilata amban, emu nirui sunjata uksin gamame,	十六日，汗率近侍护军、额尔克楚虎尔之近侍护军、每旗大臣三员、每牛录甲兵五人，
mini yabun daqi ehequre belere gisun de akdarakv,	但我素不信谗毁之言。
solho de elqin genehe asidarhan, bakiran bithe gajime isinjiha,	出使朝鲜之阿什达尔汉、巴奇兰赍书还。
juwan uyun de jurafi, beging heqen -i xun tuhere amargi hoxo -i teisu tataha.	十九日，大军启行，至北京城西北隅立营扎寨。
fulgiyan dabisikv emke, meilun qe kemu emke, pengduwan ilan, yangduwan ilan, quse ilan, kamkv ilan, solho xanggiyan fangse juwe, moqin samsu juwan,	红披领一、美纶倭缎一、彭缎三、洋缎三、绸子三、帽缎三、朝鲜白纺丝二、毛青布十、
suweni solho de meni ama han sain banjiha dabala,	我父汗与尔朝鲜素相和好，
turgei sini ahvn deu ilan niyalma be gvsai ejen sindafi, gemu weile baha bihe,	“尔图尔格依兄弟三人，均为固山额真，后皆获罪，
daqi elqin be lashalarakv,	愿不绝通使。
han, beise, geren fujisa gemu genefi, jai ging de isitala songgoqome bisire de, manggvltai beile -i amba fujin dahaki seme han de fonjibume,	汗、诸贝勒及众福晋俱往，哭至二鼓。时莽古尔泰大福晋欲殉，请于汗曰：
nadan suje, susai moqin, gege be tuwame bu seme buhe.	缎七、毛青布五十，命格格酌情分发。
te gvniqi, abka serengge dergi amba ejen,	伏思，天者，上帝也。
unenggi meni baru oqi, bayan wesihun ai jaka be uhe oki,	来投于我。诚来归我，富贵共之。
hoton afame neneme tafaka seme hafan buhe niyalma be, muse ereqi amasi geli tere be hoton afa sere be nakaki,	“前已有旨，其攻城先登而授职之人，嗣后我等勿得再令攻城。
jai dosire de juleri komsokon juwe baksan banjibu,	再进兵时，编二小队行在前，
esede unggihe bithei gisun,	书曰：
honin arki hafan genere de gamambi.	其羊、酒，遣官往时赍往。”
buhe manggi han de hengkilehe,	赐毕，叩谢汗。
toholon muke juwan duin gin emu hontoho de dehi ilan yan sunja jiha,	水银十四斤半，值银四十三两五钱；
hergengge hafasa etuku xangnaha doroi han de hengkilehe,	有职官员以赏衣礼，叩谢于汗。
ere juwan emu,	此其十一也。
ere gisurehe fafun be efuleme jurqeqi, be aru -i taijisa be bata obumbi,	若负誓言，我等将以阿鲁部众台吉为敌。
tere inenggi, han, geren beise ambasa be isabufi hendume,	是日，汗召集诸贝勒大臣诫谕曰：
terei alaha gisun,	该人报称：
sini gvsai beile xoto -i emgi aqafi, beile -i baru jidere be marame tafulaha biqi, beile ainu lou de horibure,	当贝勒欲归时，若与尔旗贝勒硕托力行劝阻，阿敏贝勒何致被囚，
aquhiyan niyalmai uju be lashalafi belere silhidara be ejebukini,	请断佞人之首以戒谗嫉。”
iqe uyun de, juwe fulgiyan, juwe lamun -i emu gvsai juwete amban, emu nirui emte uksin be gamame,	初九日，命两红旗、两蓝旗每旗遣大臣二员，率每牛录甲兵一人，
tere aniya osokon beyei weile -i jalin amsun be dagilafi jiha lakiyanjiha,	某年生小子具饎挂钱，
nikan lamai langju -i boigon -i olji, niyalma juwan nadan, ihan ilan, juwe losa, ilan eihen, emu morin,	汉人喇嘛属下郎珠家俘获人十七、牛三、骡二、驴三、马一匹；
xangnara de orin ninggun baturu dolo wesifi hafan baha niyalma, jai esetu, suran de erei jergi- de xangnahakv,	其受赏者，均在二十六名巴图鲁中擢升为官之人，额色图、苏兰不在此例。
ere inu gurun boui amba hvturi, tumen jalan de enteheme algindara gebu,	此乃国家之鸿福，流芳万世。
tere inenggi, korqin -i tusiyetu han be benehe yeqen, asan isinjiha.	是日，护送科尔沁部土谢图汗之叶臣、阿山返还。
olji be susai boigon ara sehengge arahakv,	又命以俘获人口编为五十户，未遵行。
enduringge han ming gurun be dailame unggime, deyere funghvwang ni leuse -i fejile tefi,	圣汗以发兵征明御翔凤楼下，
ulai gvsai orin sunja,	乌赖旗二十五匹、
orin sunja de naiman -i hvng baturu abang hoxouqi, duin juse -i darhan joriktu -i qonong guyeng medege alanjime isinjiha.	二十五日，奈曼部洪巴图鲁属下阿邦和硕齐及四子部落达尔汉卓里克图属下绰浓古英前来报信。
orin jakvn de, erke qvhur taiji -i bou, gendur taiji be dosimbufi, emu ihan duin honin wafi, orin dere dasafi sarilaha.	二十八日，额尔克楚虎尔家请根杜尔台吉，杀牛一、羊四，列筵二十席，宴之。
yafahan -i amargi be dosifi afara de, mini beye gaifi yafahalafi, yafahan qouha be amasi gidaha,	又从其步兵后进攻，徒步击退敌步兵，
gvwa an -i weilengge urse ihan temen yalu,	其余普通人犯可乘牛驼，
yaluha morin losa be jakvn beise -i heren de saikan ulebu seme salaha,	其所乘马骡，分置八贝勒马厩，好生秣之。
monggorokv sindame suje -i sijigiyan emte, moqin -i qamqi fakvri emte, suje -i mahala, giyaban gvlha emte juru, umiyesun emte,	各镶领袖缎袍一、毛青布衬衣裤各一、缎帽一、股子皮靴一双、腰带一，
si inu aqaki seme gisurehe,	尔亦有愿成和好之言，
juwan emu de, karaqin -i genggel hiya beile, sereng, senek, vljeitu, ere duin niyalma aniya doroi han de hengkileme jihe,	十一日，喀喇沁部侍卫贝勒庚格勒、色棱、色讷克、乌勒哲依图四人来朝，庆贺元旦。
enduringge han, dergi ashan -i tafukv be wesifi, geren mafari enduri sourin -i juleri niyakvrafi hiyan -i hose be wesihun gingnefi hiyan dabufi,	圣汗从东阶升至列祖神位前跪，奉举香盒上香毕，
tere inenggi, jalait gurun -i minggandari beile, sonom taiji, sereng taiji, uheri susai duin guqu be gajime han -i qouha genefi jihe doroi hengkileme jihe,	是日，扎责特部明安达里贝勒、索诺木台吉、色棱台吉共率从者五十四人，以汗旋师前来朝贺。
basaha dosika jai inenggi, q’i qeng ni moringga yafahan juwe tanggv qouha tuqike be, hoton -i baru gidafi orin isime niyalma waha,	巴萨哈入边之次日，有赤城马步兵二百出，巴萨哈率军迎击，掩杀至敌城，斩杀近二十人，
jai jergi canjiyang fadu, burkan, yarna, esentei, langse -i jui aimbu, kangkal, han yvn, kangkalai, toktohoi, gibkada -i jui gvwalqa, hesimi, giuxan,	二等参将法笃、布尔坎、雅尔纳、额森特依、郎色之子爱木布、康喀儿、韩润、康喀赖、托克托惠、吉布喀达之子卦尔察、赫喜密、觉善、
aikabade mini emgi emu bou ome aqafi, yaya weile biqi mini emgi hebexere oqi, minde amba gvnin -i da bikai,	倘与我和为一家，凡事与我商议之，则我自有大主意。
ese de emu honin wafi sarilaha,	命杀羊一，宴之。
jai sunja niyalma be ere sara aibi seme hendufi bai sindaha.	其余五人，即以无知命释之。
suweni nendehe han, nendehe ambasa, mimbe gidaxame korsobuha nadan koro be, dain deribuhe turgun be suwembe donjikini, juwe gurun -i uru waka be safi doro aqaqi, nadan koro be onggoki seme, lii lama -i emgi meni hafasa be doroi gisun gisureme takvraha,	尔先世君臣欺凌我国，因成七恨，致起干戈。其情其事，欲令尔闻知，以明是非，两国修好，而忘七恨，故遣官偕同李喇嘛前往议和。
mini hebe gvwa qi enqu,	然我之谋异于他人，
yala doro aqaki seqi, geli efuleme gisurere,	我欲修好，尔复败和议，
morin duin feye bahafi buqehe,	马伤四处而毙。
jai mudan de ilan karun gidaha,	第二次败哨卒三次，
orin duin de, tai baturu de emu tongsan, gequheri emke, jakvn moqin, jaisang jargvqi de emu gequheri, jakvn moqin, jai duin monggo de emte pengduwan, ninggute moqin buhe,	二十四日，赐台巴图鲁通散一、蟒缎一、毛青布八，赐斋桑扎尔固齐蟒缎一、毛青布八，赐其余四蒙古人彭缎各一、毛青布各六。
jai juwe nofi be ashan de tebuhe,	命其余二人坐于侧，
dahaha irgen be yafahan gamaqi, ba goro isinarakv ofi, ederi darime nikan han -i baru doro aqara be gisureme jihe,	若令降民徒步以归，则路遥难以到达，故顺道来此与明帝议和。
songgotu nirui janggin,	素额图系牛录章京，
juwan duin de ineku liyoha de deduhe,	十四日，仍驻辽河。
han -i ushaqun be membe alame bahanarakv ojorahv seme bithe unggihebi seme henduhe manggi,	汗怒甚，恐我等不能转达其意，故致书前来。”
emu xeubei be jafafi gajiha,	生擒守备一员，
han -i iqi ergi de amba beile, hashv ergi de manggvltai beile, juwe beile -i tere besergen be hetu sindafi hetu forome tehe,	汗两旁横设二榻，右侧为大贝勒，左侧为莽古尔泰贝勒，两贝勒横向而坐。
amasi bederere de, jur de isinjitele, saikan olho, seremxe,	还时直至朱尔地方，务宜妥慎防范。”
xang ubu faitaha.	夺所得赏物。
tere ilan niyalma be nikan -i jase de gamafi ujulaha niyalma be nikan de tuwabume waha,	命执三人赴明边上，斩其为首者以示明人，
fujisa be gaifi hvwa -i dukai ebsihe fudefi, fakqara de gege songgoro jakade, han, kvrqan baksi be takvrame hendume,	率诸福晋送至院门。送别之时，格格落泪。汗遣库尔禅巴克什劝曰：
julergi dere de faidafi, amargi dere de uku arame ilifi, heqen -i jakarame pou miyouqan faidafi tuttu bisire de,	列阵于南，设伏于北，沿城环列枪炮以待。
nanqungga, ulai, dantan, jirhai, qungsika, jafuni, golohoi, nomtu, haksaha, garda, hvsiri, akiu, tolbi, qalasun, yenggene, langgida, moudase,	南冲阿、乌赖、旦坦、济尔海、冲西喀、扎富尼、郭罗惠、诺木图、哈克萨哈、噶尔达、胡西里、阿球、托儿弼、查拉孙、英俄讷、楞济达、毛达色、
ajige age, xoto age, ginjeu -i qouha be gidaha de, juleri dosifi niyalma wame genehei, hoton -i ulan de emu niyalma waha,	随阿济格阿哥、硕托阿哥往征锦州时，率先击敌，追至城壕，杀一人，
bi pou be teisu jorime faidara de, nikan -i sindaha miyouqan de mini uju emu feye baha,	指挥列炮，明兵施放鸟枪，头中一伤。
tede xamba be tebuhe,	故令沙木巴驻守之。
jaisai meni ujalu hoton be suquha,	然斋赛侵我兀扎鲁城，
abatai taiji, sahaliyen taiji tuqifi, asan, yeqen -i emgi yung ping ni hoton be hvlhame gaiha orin ninggun baturu de	台吉阿巴泰、萨哈廉亲赏同阿山、叶臣攻取永平城之二十六巴图鲁，
gvnin ijishvn wang ni harangga liu qang su, dade quwan be kadalara fujiyang bihe,	恭顺王下之刘昌苏，原系管船副将，
gvwa morin be karaqin geli ambula jafahabi,	余马多为喀喇沁部人所获。
ubaqi genere ukanju ninggun baha,	获由此遁逃之人六名；
bata dere aqara de juwe ba gabtabuha,	与敌交战，箭伤两处，
iqe duin de, ginjeu heqen -i julergi dere de afame, gvlmahvn erinde ibefi, muduri erinde afaki seqi, heqen -i jakai ulan xumin, tere inenggi alimbaharakv halhvn ofi, afaqi hamirakv, meihe erinde bederehe,	初四日，攻锦州城南隅。本欲卯刻进兵，辰刻攻城。因城壕深阔，时值酷暑，战则难以骤拔，乃于巳刻退兵。
han algin gebu gvnime, ai jaka be dasafi, doro jurgan be an kemun obufi banjiqi, sini qihai uthai qahar -i ninquhvn fungxun banjiqi tuqimbi kai,	汗若重声誉，治理一切事务以道义为规矩，则自可远离察哈尔之腥臊也。
takvraki seqi, jiyanggiyvn -i medege be sarkv ofi, neneme medege gaiki seme karun be jafafi fonjiqi, xanaha -i tule kemuni jiyanggiyvn ejen sere jakade,	虽欲遣人，但不知将军消息。于是，为先探听消息，捕哨卒问之，知山海关外仍以将军为主帅，
aisin gurun -i han -i bithe, wang du tang de unggihe,	“金国汗致书王都堂：
dede, langge, niyahan, tarhv, tohina, aldungga, malgi, langse, laisun, huniu, giyamsu, moudase, keqeni, donggo wejihe,	德得、郎格、尼雅汉、塔尔虎、托希纳、阿勒东阿、麻勒吉、郎色、赖荪、胡纽、嘉木苏、毛达色、克车尼、通果倭吉赫、
bi dalingho qi ergen banjifi jurgan be halafi han de urgunjeme dahahangge, daqi ere gese babe gvnimbihe,	臣自大凌河偷生改节，乐归汗者，思之久矣。
lii guwe qen, liyoudung be gaiha manggi, si, qang yung, qang hing juwe pu -i niyalma be gaifi aqinggiyahakv tehei bihe,	“李国臣，克辽东后，尔率昌永、昌兴两堡人留原地未动
wang lama -i olji, niyalma juwan ilan, ihan emke, eihen emke, uheri tofohon,	王喇嘛俘获：人十三、牛一、驴一，共十五；
tere be gajifi tehe seme ai tusa,	即留之有何益哉。
tere embiqi ini qisui giyansi yabuqi, saburengge waka,	彼或自为奸细亦未可知，
musei emu niyalma huwesi jafafi, juwe moriri emu niyalma be huwesilehe,	我方一人，执小刀刺马二、人一，
hashv ergi galai duin gvsai qouha, monggo -i qouha neneme gidafi wame gamara de,	左翼四旗兵及蒙古兵率先进击，追杀之时。
labatai emu morin jafaha bihe,	拉巴泰马一。
ere dahara hehesi, hafan akv hehesi oqi, ere joriha jergi wajiha,	此等随侍妇人，若系无官职者之妇，只准用此所定顶戴；
dehi emuqi debtelin sure han -i sunjaqi aniya uyun biya	第四十一册天聪五年九月
wara de ho k’o g’ang injere dabala umai serakv,	将斩，何可刚含笑一言未发。
tere inenggi ajige beile -i jakade takvraha aibari, kamtu isinjiha,	是日，遣往阿济格贝勒处之爱巴里、喀木图至，
jihe doroi wafi jefu seme juwe ihan, waha ulgiyan -i yali duin buhe bihe seme alaha,	时彼杀牛二、猪四相赠，以资食用。”
tere fonde kesi be baiki seqi, dahame jihe gung ajigan ofi, gelhun akv wesimbuhekv,	彼时即欲乞恩，唯因归附功微，未敢入奏。
tuttu seme, gvwa gvsai ambasa qi ama han -i beyei juwe gvsai ambasa urunakv isara giyan kai sehe.	他旗大臣姑且不论，然父汗原有二旗大臣等必定集齐，乃理也。”
karun genehe asan zung bing guwan Jugun tuwakiyafi, nadan niyalma, juwe ihan, emu losa, emu eihen bahafi benjihe.	出哨总兵官阿山于途中设伏，获七人、牛二、骡一、驴一来献。
geren -i mujilen de aqarakv ofi, bi alime gaifi gisureqi ojorakv ofi, han de inu wesimbume bahakv,	亦不合众意，止有受而不言，故未奏知于帝。
ineku orin nadan de, fakv de tehe kvtuktu lama -i bederehe be tuwanabuha qagan lama, biliktu nangsu isinjiha.	是日，奉命往吊法库呼图克图喇嘛之察汉喇嘛、毕礼克图囊苏还。
tere inenggi galju seter, han de juwe morin jafaha bihe,	是日，噶勒珠色特尔进汗马二，
tereqi nikan -i qouha uthai bederehe,	明兵乃退。
orin emu de, bolagatu hoton -i xun dekdere ergi ou muren birai julergi dalin de deduhe,	二十一日，驻跸博拉噶图城东敖木伦河南岸。
sanggar emu morin,	桑阿尔马一，
erin be niyalma be tuwame forgoxome gvnirakv, jing yatuhan -i berhe amdulaha gese gvniqi ombiu,	不能随机应变，竟持执拗鼓瑟之见，可乎。
buhe hehe -i ton, uheri uyun tanggv gvsin nadan, tereqi gvwa be irgen -i duin haha de emke kamqibufi suwe sargan isibu, gosime uji seme afabuha,	所给妇女数共九百三十七口。其余之人，凡民每四名男丁拨给一人，命配以妻室，善加抚养。
fusihvn gurun tere be enteheme doro seme gvniha bihe,	敝国曾欲以此定为恒规，
emu morin be gaiha,	纳一马。
buhe ubu -i ba -i dabali enquleme heqemu golo de bilaha,	彼竟越过所分之地，擅以黑扯木路为界。
ini jurgan -i mujilen bahabukv muqengge be han de gisun wesimbume, jusei emete be bureu seme, weile baha xoto age de dere gaime han de wesimbuhebi,	成亲王即命本部启心郎穆成格奏请于汗，乞还其子女之母，是为徇庇获罪之硕托阿哥而奏于汗也。
manju neneme efuleqi, manju be abka na wakalafi doro efujekini, gurun wajikini,	若满洲先渝盟，则天地谴之，道毁国亡。
usin, uksin saqa, weile beidere, ere ilan jurgan -i niyalma suwe yabuha joboho seme beye ume sengguwendere,	其管田土、甲胄、审事三衙门之人，尔等须身体力行，勿惮劳苦，
iqe ninggun niyalma ukakabi,	新附六人皆遁。
yung ping, qiyan an, luwan jeu be waliyafi jidere beise ambasai baha ulha aqiha be youni gaisu,	其弃永平、迁安、滦州而归之诸贝勒大臣所获牲畜、行包，悉数没收；
quwan bederere onggolo dabsun -i niyalma be ume sindara,	敌船未撤之先，勿放盐人还，
julgei henduhengge, abkai fejergi emu niyalmai abkai fejergi waka, abkai fejergi niyalmai abkai fejergi sehengge, tere yala unenggi gisun kai,	古云：‘天下者，非一人之天下，乃天下人之天下也。’此言诚是。
deijihe bithei gisun,	所焚之誓书曰：
tereqi yengsi doroi ilduqi beile be amba sarin sarilaha.	于是，以结亲礼大宴伊勒都齐贝勒。
bi qouhiyan gurun -i ejen -i emgi ahvn deu arafi, urgun gasaqun -i doro de ishunde yabumbihe,	我与朝鲜国主结为兄弟，庆吊之礼相互往来。
tesei alarangge,	伊等告曰：
jo jeu -i qouha be bayan beile, dalai -i emgi gidaha,	又与饶余贝勒及达赖败涿州兵，
kirsa de isinjiha inenggi, tun -i mejige be daqilame fonjiki seme, sirna, engkei orin niyalma be gaifi, nikan -i karun be baime genefi, karun -i ilan niyalma be jafafi fonjiqi, tere niyalmai alara gisun,	抵奇尔萨之日，为打听岛上消息，遣席尔纳、恩克依率二十人往寻明哨所，获哨卒三人。讯之，告曰：
dergi ijishvn fujin, wargi jingji fujin -i juleri faidarangge,	东侧福晋淑妃、西侧福晋庄妃所用仪仗：
hilteri uksin galaktun saqa de aisin ijume emke, seke mahala de aisin -i xerin hadahai emke, menggun -i qara emke buhe,	袖盔镀金之明甲一、镶金佛头貂帽一、银酒海一。
te udu uttu oho seme bi dabaxarakv, aqaki seqi donjirakv gese,	今虽如此，我犹安分守己，仍欲议和。乃彼置若罔闻，
yangguri efu -i emgi xanggiyan hada de juleri dosika,	尚间崖之役，偕杨古利额驸先入敌阵，
dahai baksi hendume, amba niyalmai gvnin be, be ulhirakv, sini gvniha be gisure,	达海巴克什曰：“我不明大人之心，请将尔所欲之言悉语之。”
geren beise ambasa, meni meni gvsa gvsai faidaha,	诸贝勒大臣等，各按旗序列。
tere inenggi, asan, turusi de takvraha bithei gisun,	是日，遣人致书谕阿山、图鲁什，
han dalibufi sarkv,	明帝茫然不知，
abkai fejergi de hetu unde yabuqi inu ombi,	可以纵横于天下。
xi fujiyang zu de aqafi gisurehe,	石副将面见祖议之，
hvlara hafan -i hvlara be tuwame ilan jergi niyakvrafi uyun jergi hengkilehe,	赞礼官赞跪赞叩，行三跪九叩礼。
